world,humans,sample,w,status,runtime_s,objective,hl_expanded
narrow_corridors,0,0,1.0,success,0.0001925,96.0,3
narrow_corridors,0,0,1.05,success,0.0001865,96.0,3
narrow_corridors,0,0,1.1,success,0.0001895,96.0,3
narrow_corridors,0,0,1.2,success,0.0002978,96.0,3
narrow_corridors,0,0,1.5,success,0.0001849,96.0,3
narrow_corridors,0,1,1.0,success,0.0001973,96.0,3
narrow_corridors,0,1,1.05,success,0.0001868,96.0,3
narrow_corridors,0,1,1.1,success,0.0001874,96.0,3
narrow_corridors,0,1,1.2,success,0.0001892,96.0,3
narrow_corridors,0,1,1.5,success,0.0001887,96.0,3
narrow_corridors,0,2,1.0,success,0.0001902,96.0,3
narrow_corridors,0,2,1.05,success,0.0001864,96.0,3
narrow_corridors,0,2,1.1,success,0.0001816,96.0,3
narrow_corridors,0,2,1.2,success,0.0001933,96.0,3
narrow_corridors,0,2,1.5,success,0.0001903,96.0,3
narrow_corridors,0,3,1.0,success,0.0002003,96.0,3
narrow_corridors,0,3,1.05,success,0.0001964,96.0,3
narrow_corridors,0,3,1.1,success,0.0001968,96.0,3
narrow_corridors,0,3,1.2,success,0.0001868,96.0,3
narrow_corridors,0,3,1.5,success,0.0001822,96.0,3
narrow_corridors,0,4,1.0,success,0.0001936,96.0,3
narrow_corridors,0,4,1.05,success,0.0001961,96.0,3
narrow_corridors,0,4,1.1,success,0.0003085,96.0,3
narrow_corridors,0,4,1.2,success,0.0001933,96.0,3
narrow_corridors,0,4,1.5,success,0.0001907,96.0,3
narrow_corridors,10,0,1.0,success,9.9470563,183.257,15330
narrow_corridors,10,0,1.05,success,0.0069348,183.257,11
narrow_corridors,10,0,1.1,success,0.0071854,183.257,11
narrow_corridors,10,0,1.2,success,0.0064471,183.257,11
narrow_corridors,10,0,1.5,success,0.0068257,183.257,11
narrow_corridors,10,1,1.0,timeout,10.0746428,,16185
narrow_corridors,10,1,1.05,success,0.8838025,186.972,1796
narrow_corridors,10,1,1.1,success,0.0339285,190.428,62
narrow_corridors,10,1,1.2,success,0.0351364,190.428,62
narrow_corridors,10,1,1.5,success,0.0348877,190.428,62
narrow_corridors,10,2,1.0,timeout,10.0718137,,15826
narrow_corridors,10,2,1.05,success,0.007151,183.703,11
narrow_corridors,10,2,1.1,success,0.0069987,183.703,11
narrow_corridors,10,2,1.2,success,0.0064608,183.703,11
narrow_corridors,10,2,1.5,success,0.0073602,183.703,11
narrow_corridors,10,3,1.0,success,2.4504366,183.25,5107
narrow_corridors,10,3,1.05,success,0.0062074,183.25,10
narrow_corridors,10,3,1.1,success,0.0059207,183.25,10
narrow_corridors,10,3,1.2,success,0.0060483,183.25,10
narrow_corridors,10,3,1.5,success,0.0058877,183.25,10
narrow_corridors,10,4,1.0,success,6.1034577,182.826,10644
narrow_corridors,10,4,1.05,success,1.0934665,186.794,2183
narrow_corridors,10,4,1.1,success,0.043059,191.055,69
narrow_corridors,10,4,1.2,success,0.0383113,191.055,69
narrow_corridors,10,4,1.5,success,0.0382571,191.055,69
narrow_corridors,20,0,1.0,success,9.5117212,238.914,9967
narrow_corridors,20,0,1.05,success,0.0081687,238.914,8
narrow_corridors,20,0,1.1,success,0.0074939,238.914,8
narrow_corridors,20,0,1.2,success,0.0075046,238.914,8
narrow_corridors,20,0,1.5,success,0.0077459,238.914,8
narrow_corridors,20,1,1.0,success,0.9488943,241.383,1401
narrow_corridors,20,1,1.05,success,0.007392,241.383,8
narrow_corridors,20,1,1.1,success,0.0076231,241.383,8
narrow_corridors,20,1,1.2,success,0.0080772,241.383,8
narrow_corridors,20,1,1.5,success,0.0076179,241.383,8
narrow_corridors,20,2,1.0,timeout,10.0506225,,10486
narrow_corridors,20,2,1.05,timeout,10.0699613,,10033
narrow_corridors,20,2,1.1,success,0.1190571,244.487,152
narrow_corridors,20,2,1.2,success,0.1203719,244.487,152
narrow_corridors,20,2,1.5,success,0.1195263,244.487,152
narrow_corridors,20,3,1.0,success,2.2523341,238.127,3303
narrow_corridors,20,3,1.05,timeout,10.0739963,,9939
narrow_corridors,20,3,1.1,success,0.0524637,245.335,58
narrow_corridors,20,3,1.2,success,0.0516626,245.335,58
narrow_corridors,20,3,1.5,success,0.0523698,245.335,58
narrow_corridors,20,4,1.0,success,1.2802558,239.126,1753
narrow_corridors,20,4,1.05,timeout,10.0597683,,9600
narrow_corridors,20,4,1.1,success,0.0448389,246.055,54
narrow_corridors,20,4,1.2,success,0.0449132,246.055,54
narrow_corridors,20,4,1.5,success,0.0467277,246.055,54
depot,0,0,1.0,success,0.0002188,133.0,3
depot,0,0,1.05,success,0.00025,133.0,3
depot,0,0,1.1,success,0.0002458,133.0,3
depot,0,0,1.2,success,0.0002431,133.0,3
depot,0,0,1.5,success,0.0002457,133.0,3
depot,0,1,1.0,success,0.000217,133.0,3
depot,0,1,1.05,success,0.0002213,133.0,3
depot,0,1,1.1,success,0.0002417,133.0,3
depot,0,1,1.2,success,0.0002261,133.0,3
depot,0,1,1.5,success,0.0002516,133.0,3
depot,0,2,1.0,success,0.0002231,133.0,3
depot,0,2,1.05,success,0.0002269,133.0,3
depot,0,2,1.1,success,0.000235,133.0,3
depot,0,2,1.2,success,0.0002205,133.0,3
depot,0,2,1.5,success,0.0002383,133.0,3
depot,0,3,1.0,success,0.0002423,133.0,3
depot,0,3,1.05,success,0.0002235,133.0,3
depot,0,3,1.1,success,0.0002213,133.0,3
depot,0,3,1.2,success,0.0002221,133.0,3
depot,0,3,1.5,success,0.0002257,133.0,3
depot,0,4,1.0,success,0.0002661,133.0,3
depot,0,4,1.05,success,0.0002507,133.0,3
depot,0,4,1.1,success,0.0002203,133.0,3
depot,0,4,1.2,success,0.0004152,133.0,3
depot,0,4,1.5,success,0.0002529,133.0,3
depot,10,0,1.0,timeout,10.1651461,,27864
depot,10,0,1.05,success,6.1512691,169.184,16923
depot,10,0,1.1,success,0.0266901,169.184,92
depot,10,0,1.2,success,0.0272238,169.184,92
depot,10,0,1.5,success,0.0272402,169.184,92
depot,10,1,1.0,timeout,10.1705003,,30929
depot,10,1,1.05,success,5.6964266,169.669,15549
depot,10,1,1.1,success,0.0450075,169.681,129
depot,10,1,1.2,success,0.0376069,169.681,129
depot,10,1,1.5,success,0.0366568,169.681,129
depot,10,2,1.0,timeout,10.1512675,,31729
depot,10,2,1.05,success,3.1216739,169.729,10642
depot,10,2,1.1,success,0.0367244,169.729,126
depot,10,2,1.2,success,0.0366625,169.729,126
depot,10,2,1.5,success,0.0389994,169.729,126
depot,10,3,1.0,timeout,10.1369368,,28081
depot,10,3,1.05,success,4.0206181,169.021,12849
depot,10,3,1.1,success,0.0358852,171.062,112
depot,10,3,1.2,success,0.0338363,171.062,112
depot,10,3,1.5,success,0.0350585,171.062,112
depot,10,4,1.0,timeout,10.1476993,,27170
depot,10,4,1.05,success,5.431972,169.639,16210
depot,10,4,1.1,success,0.0253065,169.647,88
depot,10,4,1.2,success,0.0252721,169.647,88
depot,10,4,1.5,success,0.0255643,169.647,88
depot,20,0,1.0,timeout,10.0844194,,17752
depot,20,0,1.05,timeout,10.1085543,,18589
depot,20,0,1.1,success,0.0158673,190.169,28
depot,20,0,1.2,success,0.0161264,190.169,28
depot,20,0,1.5,success,0.0153168,190.169,28
depot,20,1,1.0,timeout,10.1078646,,19858
depot,20,1,1.05,timeout,10.107236,,18743
depot,20,1,1.1,success,0.015052,191.329,28
depot,20,1,1.2,success,0.0154191,191.329,28
depot,20,1,1.5,success,0.0156937,191.329,28
depot,20,2,1.0,timeout,10.078745,,18452
depot,20,2,1.05,timeout,10.0976803,,17423
depot,20,2,1.1,success,0.0204555,190.574,38
depot,20,2,1.2,success,0.0218749,190.574,38
depot,20,2,1.5,success,0.0202184,190.574,38
depot,20,3,1.0,timeout,10.0881864,,20291
depot,20,3,1.05,timeout,10.1082639,,18431
depot,20,3,1.1,success,0.0178061,191.656,30
depot,20,3,1.2,success,0.0175681,191.656,30
depot,20,3,1.5,success,0.0177371,191.656,30
depot,20,4,1.0,timeout,10.1010527,,20253
depot,20,4,1.05,timeout,10.1241321,,19138
depot,20,4,1.1,success,0.0185767,191.85,35
depot,20,4,1.2,success,0.0188945,191.85,35
depot,20,4,1.5,success,0.0194313,191.85,35
