world,humans,sample,predictor,step,seconds_ahead,brier
narrow_corridors,10,0,cv,0,0.0,0.00755321364862562
narrow_corridors,10,0,cv,1,3.0,0.11964214319553354
narrow_corridors,10,0,cv,2,6.0,0.15419770739359723
narrow_corridors,10,0,cv,3,9.0,0.1602895234201443
narrow_corridors,10,0,cv,4,12.0,0.17386169078501407
narrow_corridors,10,0,cv,5,15.0,0.1808346478852025
narrow_corridors,10,0,cv,6,18.0,0.1758758110311327
narrow_corridors,10,0,cv,7,21.0,0.1768116109158146
narrow_corridors,10,0,cv,8,24.0,0.17433495604511245
narrow_corridors,10,0,cv,9,27.0,0.1687125243453324
narrow_corridors,10,0,mod,0,0.0,0.003621053613017046
narrow_corridors,10,0,mod,1,3.0,0.11530939317069273
narrow_corridors,10,0,mod,2,6.0,0.14411905778477452
narrow_corridors,10,0,mod,3,9.0,0.154282420734773
narrow_corridors,10,0,mod,4,12.0,0.16481734504883314
narrow_corridors,10,0,mod,5,15.0,0.16447346359234916
narrow_corridors,10,0,mod,6,18.0,0.1586315123786916
narrow_corridors,10,0,mod,7,21.0,0.15659380617211854
narrow_corridors,10,0,mod,8,24.0,0.15316136260916197
narrow_corridors,10,0,mod,9,27.0,0.15047275930898601
narrow_corridors,10,0,cv+prior,0,0.0,0.00755321364862562
narrow_corridors,10,0,cv+prior,1,3.0,0.11649989512222805
narrow_corridors,10,0,cv+prior,2,6.0,0.1339975030096779
narrow_corridors,10,0,cv+prior,3,9.0,0.13045644573271448
narrow_corridors,10,0,cv+prior,4,12.0,0.13238095011452028
narrow_corridors,10,0,cv+prior,5,15.0,0.12765626385346654
narrow_corridors,10,0,cv+prior,6,18.0,0.1236438288116923
narrow_corridors,10,0,cv+prior,7,21.0,0.12633017333180002
narrow_corridors,10,0,cv+prior,8,24.0,0.12434691856836302
narrow_corridors,10,0,cv+prior,9,27.0,0.12433092130358828
narrow_corridors,10,0,mod+prior,0,0.0,0.003621053613017046
narrow_corridors,10,0,mod+prior,1,3.0,0.1090963688507064
narrow_corridors,10,0,mod+prior,2,6.0,0.12895196870058792
narrow_corridors,10,0,mod+prior,3,9.0,0.13042668594946172
narrow_corridors,10,0,mod+prior,4,12.0,0.13279496259094664
narrow_corridors,10,0,mod+prior,5,15.0,0.12736715348227265
narrow_corridors,10,0,mod+prior,6,18.0,0.12396504936367896
narrow_corridors,10,0,mod+prior,7,21.0,0.12670664348689148
narrow_corridors,10,0,mod+prior,8,24.0,0.1247912330455881
narrow_corridors,10,0,mod+prior,9,27.0,0.12495478093134901
narrow_corridors,10,0,zero,0,0.0,0.17857142857142852
narrow_corridors,10,0,zero,1,3.0,0.1898809523809524
narrow_corridors,10,0,zero,2,6.0,0.19166666666666665
narrow_corridors,10,0,zero,3,9.0,0.18095238095238092
narrow_corridors,10,0,zero,4,12.0,0.18809523809523812
narrow_corridors,10,0,zero,5,15.0,0.1904761904761905
narrow_corridors,10,0,zero,6,18.0,0.18214285714285716
narrow_corridors,10,0,zero,7,21.0,0.18154761904761907
narrow_corridors,10,0,zero,8,24.0,0.17797619047619045
narrow_corridors,10,0,zero,9,27.0,0.1714285714285714
narrow_corridors,10,1,cv,0,0.0,0.010145019271202047
narrow_corridors,10,1,cv,1,3.0,0.11178342241995917
narrow_corridors,10,1,cv,2,6.0,0.15614475020451962
narrow_corridors,10,1,cv,3,9.0,0.17901033818604808
narrow_corridors,10,1,cv,4,12.0,0.18897066050341899
narrow_corridors,10,1,cv,5,15.0,0.20117040138114323
narrow_corridors,10,1,cv,6,18.0,0.20260894767156393
narrow_corridors,10,1,cv,7,21.0,0.2006172376510587
narrow_corridors,10,1,cv,8,24.0,0.1909624316850602
narrow_corridors,10,1,cv,9,27.0,0.20010480959743798
narrow_corridors,10,1,mod,0,0.0,0.005555509062975462
narrow_corridors,10,1,mod,1,3.0,0.1009510304891261
narrow_corridors,10,1,mod,2,6.0,0.13709719168008008
narrow_corridors,10,1,mod,3,9.0,0.1561060515133989
narrow_corridors,10,1,mod,4,12.0,0.16746802440608535
narrow_corridors,10,1,mod,5,15.0,0.17677570858516828
narrow_corridors,10,1,mod,6,18.0,0.1718644369351094
narrow_corridors,10,1,mod,7,21.0,0.16761809127884997
narrow_corridors,10,1,mod,8,24.0,0.16226774656523552
narrow_corridors,10,1,mod,9,27.0,0.16614633760340056
narrow_corridors,10,1,cv+prior,0,0.0,0.010145019271202047
narrow_corridors,10,1,cv+prior,1,3.0,0.11542486065205773
narrow_corridors,10,1,cv+prior,2,6.0,0.1477095949937984
narrow_corridors,10,1,cv+prior,3,9.0,0.15654490265479667
narrow_corridors,10,1,cv+prior,4,12.0,0.15843011457068865
narrow_corridors,10,1,cv+prior,5,15.0,0.16418170051611633
narrow_corridors,10,1,cv+prior,6,18.0,0.1574487279768558
narrow_corridors,10,1,cv+prior,7,21.0,0.15046785674647528
narrow_corridors,10,1,cv+prior,8,24.0,0.15016862191322383
narrow_corridors,10,1,cv+prior,9,27.0,0.14907218442647718
narrow_corridors,10,1,mod+prior,0,0.0,0.005555509062975462
narrow_corridors,10,1,mod+prior,1,3.0,0.10186422155146364
narrow_corridors,10,1,mod+prior,2,6.0,0.13578465994472588
narrow_corridors,10,1,mod+prior,3,9.0,0.14919312777961713
narrow_corridors,10,1,mod+prior,4,12.0,0.15511184282183563
narrow_corridors,10,1,mod+prior,5,15.0,0.16230437182046567
narrow_corridors,10,1,mod+prior,6,18.0,0.1557521119046371
narrow_corridors,10,1,mod+prior,7,21.0,0.1494065315203928
narrow_corridors,10,1,mod+prior,8,24.0,0.15002864142585265
narrow_corridors,10,1,mod+prior,9,27.0,0.14876183998044007
narrow_corridors,10,1,zero,0,0.0,0.20178571428571432
narrow_corridors,10,1,zero,1,3.0,0.20297619047619048
narrow_corridors,10,1,zero,2,6.0,0.2029761904761905
narrow_corridors,10,1,zero,3,9.0,0.20833333333333331
narrow_corridors,10,1,zero,4,12.0,0.20773809523809525
narrow_corridors,10,1,zero,5,15.0,0.21428571428571433
narrow_corridors,10,1,zero,6,18.0,0.21071428571428577
narrow_corridors,10,1,zero,7,21.0,0.20595238095238094
narrow_corridors,10,1,zero,8,24.0,0.19464285714285715
narrow_corridors,10,1,zero,9,27.0,0.20297619047619048
narrow_corridors,10,2,cv,0,0.0,0.010758968904960076
narrow_corridors,10,2,cv,1,3.0,0.10041611738564984
narrow_corridors,10,2,cv,2,6.0,0.1322057901588916
narrow_corridors,10,2,cv,3,9.0,0.15166070777700916
narrow_corridors,10,2,cv,4,12.0,0.1691018108407074
narrow_corridors,10,2,cv,5,15.0,0.17118446286438366
narrow_corridors,10,2,cv,6,18.0,0.18304915535389357
narrow_corridors,10,2,cv,7,21.0,0.17615717853582188
narrow_corridors,10,2,cv,8,24.0,0.18318529073758108
narrow_corridors,10,2,cv,9,27.0,0.18124962113211368
narrow_corridors,10,2,mod,0,0.0,0.005745476742853641
narrow_corridors,10,2,mod,1,3.0,0.0957064243608931
narrow_corridors,10,2,mod,2,6.0,0.12430741686109861
narrow_corridors,10,2,mod,3,9.0,0.1383879527716797
narrow_corridors,10,2,mod,4,12.0,0.14820884072828777
narrow_corridors,10,2,mod,5,15.0,0.14753080509457517
narrow_corridors,10,2,mod,6,18.0,0.1545112381546843
narrow_corridors,10,2,mod,7,21.0,0.1462462272840399
narrow_corridors,10,2,mod,8,24.0,0.1503224042211258
narrow_corridors,10,2,mod,9,27.0,0.14787788829312093
narrow_corridors,10,2,cv+prior,0,0.0,0.010758968904960076
narrow_corridors,10,2,cv+prior,1,3.0,0.10076077201603655
narrow_corridors,10,2,cv+prior,2,6.0,0.12186122559676574
narrow_corridors,10,2,cv+prior,3,9.0,0.1286106853666887
narrow_corridors,10,2,cv+prior,4,12.0,0.13531095206547336
narrow_corridors,10,2,cv+prior,5,15.0,0.13368174288843446
narrow_corridors,10,2,cv+prior,6,18.0,0.13382085047445802
narrow_corridors,10,2,cv+prior,7,21.0,0.12879610530618
narrow_corridors,10,2,cv+prior,8,24.0,0.13348335656231802
narrow_corridors,10,2,cv+prior,9,27.0,0.13072905237261684
narrow_corridors,10,2,mod+prior,0,0.0,0.005745476742853641
narrow_corridors,10,2,mod+prior,1,3.0,0.09330088776404911
narrow_corridors,10,2,mod+prior,2,6.0,0.11574895771390008
narrow_corridors,10,2,mod+prior,3,9.0,0.12420677735672536
narrow_corridors,10,2,mod+prior,4,12.0,0.13143600759618979
narrow_corridors,10,2,mod+prior,5,15.0,0.13100981086257885
narrow_corridors,10,2,mod+prior,6,18.0,0.13163952702521703
narrow_corridors,10,2,mod+prior,7,21.0,0.12748483836369034
narrow_corridors,10,2,mod+prior,8,24.0,0.13256493526604377
narrow_corridors,10,2,mod+prior,9,27.0,0.13019685473144468
narrow_corridors,10,2,zero,0,0.0,0.17499999999999996
narrow_corridors,10,2,zero,1,3.0,0.17797619047619045
narrow_corridors,10,2,zero,2,6.0,0.17619047619047618
narrow_corridors,10,2,zero,3,9.0,0.17738095238095242
narrow_corridors,10,2,zero,4,12.0,0.18630952380952379
narrow_corridors,10,2,zero,5,15.0,0.1827380952380952
narrow_corridors,10,2,zero,6,18.0,0.19107142857142856
narrow_corridors,10,2,zero,7,21.0,0.181547619047619
narrow_corridors,10,2,zero,8,24.0,0.18749999999999994
narrow_corridors,10,2,zero,9,27.0,0.18452380952380948
narrow_corridors,10,3,cv,0,0.0,0.009760110798321842
narrow_corridors,10,3,cv,1,3.0,0.10420695887510671
narrow_corridors,10,3,cv,2,6.0,0.15862674339100544
narrow_corridors,10,3,cv,3,9.0,0.1656758882617435
narrow_corridors,10,3,cv,4,12.0,0.16238072086133964
narrow_corridors,10,3,cv,5,15.0,0.1729590296581101
narrow_corridors,10,3,cv,6,18.0,0.1934993867729487
narrow_corridors,10,3,cv,7,21.0,0.18728291211551254
narrow_corridors,10,3,cv,8,24.0,0.18300664558172602
narrow_corridors,10,3,cv,9,27.0,0.1869835273707005
narrow_corridors,10,3,mod,0,0.0,0.005305379481304247
narrow_corridors,10,3,mod,1,3.0,0.08515239228635205
narrow_corridors,10,3,mod,2,6.0,0.14667762220912225
narrow_corridors,10,3,mod,3,9.0,0.15328471790129866
narrow_corridors,10,3,mod,4,12.0,0.15173587416956508
narrow_corridors,10,3,mod,5,15.0,0.161109925511645
narrow_corridors,10,3,mod,6,18.0,0.17245761846256982
narrow_corridors,10,3,mod,7,21.0,0.1643559520423591
narrow_corridors,10,3,mod,8,24.0,0.16180442269294837
narrow_corridors,10,3,mod,9,27.0,0.1642655966271966
narrow_corridors,10,3,cv+prior,0,0.0,0.009760110798321842
narrow_corridors,10,3,cv+prior,1,3.0,0.10894396013087577
narrow_corridors,10,3,cv+prior,2,6.0,0.14622825971139014
narrow_corridors,10,3,cv+prior,3,9.0,0.14285148135386644
narrow_corridors,10,3,cv+prior,4,12.0,0.13594307249913656
narrow_corridors,10,3,cv+prior,5,15.0,0.1437440171580055
narrow_corridors,10,3,cv+prior,6,18.0,0.15102012376770826
narrow_corridors,10,3,cv+prior,7,21.0,0.14332734313757142
narrow_corridors,10,3,cv+prior,8,24.0,0.14159067026736305
narrow_corridors,10,3,cv+prior,9,27.0,0.14354941763926118
narrow_corridors,10,3,mod+prior,0,0.0,0.005305379481304247
narrow_corridors,10,3,mod+prior,1,3.0,0.08958913032210529
narrow_corridors,10,3,mod+prior,2,6.0,0.13911155536143116
narrow_corridors,10,3,mod+prior,3,9.0,0.13982393229001414
narrow_corridors,10,3,mod+prior,4,12.0,0.135771123565898
narrow_corridors,10,3,mod+prior,5,15.0,0.14436373959985854
narrow_corridors,10,3,mod+prior,6,18.0,0.15069159928838152
narrow_corridors,10,3,mod+prior,7,21.0,0.14334779258064484
narrow_corridors,10,3,mod+prior,8,24.0,0.14205529196503475
narrow_corridors,10,3,mod+prior,9,27.0,0.14397279637859395
narrow_corridors,10,3,zero,0,0.0,0.19583333333333336
narrow_corridors,10,3,zero,1,3.0,0.19285714285714287
narrow_corridors,10,3,zero,2,6.0,0.1988095238095238
narrow_corridors,10,3,zero,3,9.0,0.19226190476190477
narrow_corridors,10,3,zero,4,12.0,0.17916666666666667
narrow_corridors,10,3,zero,5,15.0,0.18511904761904763
narrow_corridors,10,3,zero,6,18.0,0.20297619047619048
narrow_corridors,10,3,zero,7,21.0,0.1934523809523809
narrow_corridors,10,3,zero,8,24.0,0.18749999999999994
narrow_corridors,10,3,zero,9,27.0,0.19047619047619044
narrow_corridors,10,4,cv,0,0.0,0.011462409074060018
narrow_corridors,10,4,cv,1,3.0,0.11616668563318229
narrow_corridors,10,4,cv,2,6.0,0.14141328225626126
narrow_corridors,10,4,cv,3,9.0,0.17309765775824223
narrow_corridors,10,4,cv,4,12.0,0.185694407412537
narrow_corridors,10,4,cv,5,15.0,0.17247658371892038
narrow_corridors,10,4,cv,6,18.0,0.17315010844191508
narrow_corridors,10,4,cv,7,21.0,0.17336420148970155
narrow_corridors,10,4,cv,8,24.0,0.19868758249853638
narrow_corridors,10,4,cv,9,27.0,0.19148229135495648
narrow_corridors,10,4,mod,0,0.0,0.006408558385532194
narrow_corridors,10,4,mod,1,3.0,0.12102729337037885
narrow_corridors,10,4,mod,2,6.0,0.1321052045188535
narrow_corridors,10,4,mod,3,9.0,0.15475724372906619
narrow_corridors,10,4,mod,4,12.0,0.16279058416351908
narrow_corridors,10,4,mod,5,15.0,0.15843835217697394
narrow_corridors,10,4,mod,6,18.0,0.15645282858403803
narrow_corridors,10,4,mod,7,21.0,0.1505594558738997
narrow_corridors,10,4,mod,8,24.0,0.1653904100391933
narrow_corridors,10,4,mod,9,27.0,0.15669454757481138
narrow_corridors,10,4,cv+prior,0,0.0,0.011462409074060018
narrow_corridors,10,4,cv+prior,1,3.0,0.1181226575493822
narrow_corridors,10,4,cv+prior,2,6.0,0.13308859091196074
narrow_corridors,10,4,cv+prior,3,9.0,0.1543360966074286
narrow_corridors,10,4,cv+prior,4,12.0,0.15764650164725819
narrow_corridors,10,4,cv+prior,5,15.0,0.14713810627778642
narrow_corridors,10,4,cv+prior,6,18.0,0.1411538831002026
narrow_corridors,10,4,cv+prior,7,21.0,0.13870981808193378
narrow_corridors,10,4,cv+prior,8,24.0,0.159327563245266
narrow_corridors,10,4,cv+prior,9,27.0,0.15176681528502198
narrow_corridors,10,4,mod+prior,0,0.0,0.006408558385532194
narrow_corridors,10,4,mod+prior,1,3.0,0.11755069034145185
narrow_corridors,10,4,mod+prior,2,6.0,0.12714138833458982
narrow_corridors,10,4,mod+prior,3,9.0,0.14850976028801224
narrow_corridors,10,4,mod+prior,4,12.0,0.15325111255537044
narrow_corridors,10,4,mod+prior,5,15.0,0.1469341785606187
narrow_corridors,10,4,mod+prior,6,18.0,0.1412599225611084
narrow_corridors,10,4,mod+prior,7,21.0,0.1385090557968941
narrow_corridors,10,4,mod+prior,8,24.0,0.15852175752439795
narrow_corridors,10,4,mod+prior,9,27.0,0.15125888327818598
narrow_corridors,10,4,zero,0,0.0,0.20416666666666666
narrow_corridors,10,4,zero,1,3.0,0.19166666666666662
narrow_corridors,10,4,zero,2,6.0,0.17916666666666664
narrow_corridors,10,4,zero,3,9.0,0.2005952380952381
narrow_corridors,10,4,zero,4,12.0,0.2035714285714286
narrow_corridors,10,4,zero,5,15.0,0.1827380952380952
narrow_corridors,10,4,zero,6,18.0,0.18035714285714285
narrow_corridors,10,4,zero,7,21.0,0.17857142857142858
narrow_corridors,10,4,zero,8,24.0,0.2029761904761905
narrow_corridors,10,4,zero,9,27.0,0.19464285714285712
narrow_corridors,20,0,cv,0,0.0,0.014419069126557892
narrow_corridors,20,0,cv,1,3.0,0.1587423420276476
narrow_corridors,20,0,cv,2,6.0,0.21943566802229184
narrow_corridors,20,0,cv,3,9.0,0.254297996680286
narrow_corridors,20,0,cv,4,12.0,0.27695930555055365
narrow_corridors,20,0,cv,5,15.0,0.3014226500679456
narrow_corridors,20,0,cv,6,18.0,0.31240053786530825
narrow_corridors,20,0,cv,7,21.0,0.33091696113822733
narrow_corridors,20,0,cv,8,24.0,0.34553325817880315
narrow_corridors,20,0,cv,9,27.0,0.33473801330015196
narrow_corridors,20,0,mod,0,0.0,0.00735678486868364
narrow_corridors,20,0,mod,1,3.0,0.14571464291256325
narrow_corridors,20,0,mod,2,6.0,0.18881267436001634
narrow_corridors,20,0,mod,3,9.0,0.2136076213468395
narrow_corridors,20,0,mod,4,12.0,0.23173102494731465
narrow_corridors,20,0,mod,5,15.0,0.2390234922020989
narrow_corridors,20,0,mod,6,18.0,0.2404855975244911
narrow_corridors,20,0,mod,7,21.0,0.23556226917843132
narrow_corridors,20,0,mod,8,24.0,0.2406726119438435
narrow_corridors,20,0,mod,9,27.0,0.2341963310989533
narrow_corridors,20,0,cv+prior,0,0.0,0.014419069126557892
narrow_corridors,20,0,cv+prior,1,3.0,0.15572150987104777
narrow_corridors,20,0,cv+prior,2,6.0,0.18454766302318742
narrow_corridors,20,0,cv+prior,3,9.0,0.18671328829525663
narrow_corridors,20,0,cv+prior,4,12.0,0.1948560910601105
narrow_corridors,20,0,cv+prior,5,15.0,0.2006098195563628
narrow_corridors,20,0,cv+prior,6,18.0,0.19542880358903486
narrow_corridors,20,0,cv+prior,7,21.0,0.19568330531859776
narrow_corridors,20,0,cv+prior,8,24.0,0.20297717079230987
narrow_corridors,20,0,cv+prior,9,27.0,0.1939411378012661
narrow_corridors,20,0,mod+prior,0,0.0,0.00735678486868364
narrow_corridors,20,0,mod+prior,1,3.0,0.1416357095175552
narrow_corridors,20,0,mod+prior,2,6.0,0.17028763151933135
narrow_corridors,20,0,mod+prior,3,9.0,0.1777364618590111
narrow_corridors,20,0,mod+prior,4,12.0,0.19044325771176387
narrow_corridors,20,0,mod+prior,5,15.0,0.19651998341408397
narrow_corridors,20,0,mod+prior,6,18.0,0.19288491165558755
narrow_corridors,20,0,mod+prior,7,21.0,0.1922798321321165
narrow_corridors,20,0,mod+prior,8,24.0,0.2003381853284409
narrow_corridors,20,0,mod+prior,9,27.0,0.19266961603378685
narrow_corridors,20,0,zero,0,0.0,0.32619047619047614
narrow_corridors,20,0,zero,1,3.0,0.33452380952380945
narrow_corridors,20,0,zero,2,6.0,0.33095238095238094
narrow_corridors,20,0,zero,3,9.0,0.3327380952380952
narrow_corridors,20,0,zero,4,12.0,0.3327380952380952
narrow_corridors,20,0,zero,5,15.0,0.3422619047619047
narrow_corridors,20,0,zero,6,18.0,0.3416666666666666
narrow_corridors,20,0,zero,7,21.0,0.3523809523809524
narrow_corridors,20,0,zero,8,24.0,0.3625
narrow_corridors,20,0,zero,9,27.0,0.3470238095238095
narrow_corridors,20,1,cv,0,0.0,0.019508780717307408
narrow_corridors,20,1,cv,1,3.0,0.17864863310603654
narrow_corridors,20,1,cv,2,6.0,0.2447037627005256
narrow_corridors,20,1,cv,3,9.0,0.2733498579315478
narrow_corridors,20,1,cv,4,12.0,0.2929086289648353
narrow_corridors,20,1,cv,5,15.0,0.30787914757071866
narrow_corridors,20,1,cv,6,18.0,0.313170533551767
narrow_corridors,20,1,cv,7,21.0,0.32958777599231476
narrow_corridors,20,1,cv,8,24.0,0.3319322795045607
narrow_corridors,20,1,cv,9,27.0,0.32844882745414405
narrow_corridors,20,1,mod,0,0.0,0.011348283000444326
narrow_corridors,20,1,mod,1,3.0,0.17385704271817692
narrow_corridors,20,1,mod,2,6.0,0.224412272983461
narrow_corridors,20,1,mod,3,9.0,0.24274890253275658
narrow_corridors,20,1,mod,4,12.0,0.2424407844586963
narrow_corridors,20,1,mod,5,15.0,0.24941783920339353
narrow_corridors,20,1,mod,6,18.0,0.25260258512631767
narrow_corridors,20,1,mod,7,21.0,0.2521685886088063
narrow_corridors,20,1,mod,8,24.0,0.24822366037073412
narrow_corridors,20,1,mod,9,27.0,0.2486796784522401
narrow_corridors,20,1,cv+prior,0,0.0,0.019508780717307408
narrow_corridors,20,1,cv+prior,1,3.0,0.17675194769968486
narrow_corridors,20,1,cv+prior,2,6.0,0.2206020497098272
narrow_corridors,20,1,cv+prior,3,9.0,0.2263100170349567
narrow_corridors,20,1,cv+prior,4,12.0,0.21269085402070903
narrow_corridors,20,1,cv+prior,5,15.0,0.21276929516024573
narrow_corridors,20,1,cv+prior,6,18.0,0.21071610098702362
narrow_corridors,20,1,cv+prior,7,21.0,0.2142041838389091
narrow_corridors,20,1,cv+prior,8,24.0,0.21498717927656436
narrow_corridors,20,1,cv+prior,9,27.0,0.21231655640792285
narrow_corridors,20,1,mod+prior,0,0.0,0.011348283000444326
narrow_corridors,20,1,mod+prior,1,3.0,0.16800462967417257
narrow_corridors,20,1,mod+prior,2,6.0,0.21120072446405733
narrow_corridors,20,1,mod+prior,3,9.0,0.2204341251538231
narrow_corridors,20,1,mod+prior,4,12.0,0.2066601821882399
narrow_corridors,20,1,mod+prior,5,15.0,0.20962241726212127
narrow_corridors,20,1,mod+prior,6,18.0,0.2099901356547253
narrow_corridors,20,1,mod+prior,7,21.0,0.21283980581137735
narrow_corridors,20,1,mod+prior,8,24.0,0.21421799068291358
narrow_corridors,20,1,mod+prior,9,27.0,0.21242732164826425
narrow_corridors,20,1,zero,0,0.0,0.3666666666666667
narrow_corridors,20,1,zero,1,3.0,0.3708333333333333
narrow_corridors,20,1,zero,2,6.0,0.3726190476190477
narrow_corridors,20,1,zero,3,9.0,0.36666666666666664
narrow_corridors,20,1,zero,4,12.0,0.3583333333333333
narrow_corridors,20,1,zero,5,15.0,0.35416666666666663
narrow_corridors,20,1,zero,6,18.0,0.34642857142857125
narrow_corridors,20,1,zero,7,21.0,0.3547619047619047
narrow_corridors,20,1,zero,8,24.0,0.3505952380952381
narrow_corridors,20,1,zero,9,27.0,0.34285714285714286
narrow_corridors,20,2,cv,0,0.0,0.015611476161208362
narrow_corridors,20,2,cv,1,3.0,0.18085381653104918
narrow_corridors,20,2,cv,2,6.0,0.2334288178358698
narrow_corridors,20,2,cv,3,9.0,0.2750978856289712
narrow_corridors,20,2,cv,4,12.0,0.30964624800128077
narrow_corridors,20,2,cv,5,15.0,0.31089320773342366
narrow_corridors,20,2,cv,6,18.0,0.32836296894126993
narrow_corridors,20,2,cv,7,21.0,0.33548403247814257
narrow_corridors,20,2,cv,8,24.0,0.34282688793002
narrow_corridors,20,2,cv,9,27.0,0.34326603366362163
narrow_corridors,20,2,mod,0,0.0,0.008193475648977053
narrow_corridors,20,2,mod,1,3.0,0.17161832289171236
narrow_corridors,20,2,mod,2,6.0,0.21247488171424442
narrow_corridors,20,2,mod,3,9.0,0.23519923998495046
narrow_corridors,20,2,mod,4,12.0,0.2537081619618645
narrow_corridors,20,2,mod,5,15.0,0.24579619781918308
narrow_corridors,20,2,mod,6,18.0,0.2559363685567716
narrow_corridors,20,2,mod,7,21.0,0.24994899339877272
narrow_corridors,20,2,mod,8,24.0,0.2487298051218977
narrow_corridors,20,2,mod,9,27.0,0.2487979531475096
narrow_corridors,20,2,cv+prior,0,0.0,0.015611476161208362
narrow_corridors,20,2,cv+prior,1,3.0,0.17931380053598053
narrow_corridors,20,2,cv+prior,2,6.0,0.2087658218956388
narrow_corridors,20,2,cv+prior,3,9.0,0.21744415816063353
narrow_corridors,20,2,cv+prior,4,12.0,0.2292857557643405
narrow_corridors,20,2,cv+prior,5,15.0,0.21403695176736956
narrow_corridors,20,2,cv+prior,6,18.0,0.2173247735672744
narrow_corridors,20,2,cv+prior,7,21.0,0.21157810291651952
narrow_corridors,20,2,cv+prior,8,24.0,0.20815575137313863
narrow_corridors,20,2,cv+prior,9,27.0,0.2131566939024963
narrow_corridors,20,2,mod+prior,0,0.0,0.008193475648977053
narrow_corridors,20,2,mod+prior,1,3.0,0.16806957114242482
narrow_corridors,20,2,mod+prior,2,6.0,0.20127951290743776
narrow_corridors,20,2,mod+prior,3,9.0,0.20922031383371179
narrow_corridors,20,2,mod+prior,4,12.0,0.22228021927613367
narrow_corridors,20,2,mod+prior,5,15.0,0.21011590551526602
narrow_corridors,20,2,mod+prior,6,18.0,0.21530996023564994
narrow_corridors,20,2,mod+prior,7,21.0,0.20969576060133083
narrow_corridors,20,2,mod+prior,8,24.0,0.20677173890056383
narrow_corridors,20,2,mod+prior,9,27.0,0.2125031836541448
narrow_corridors,20,2,zero,0,0.0,0.34226190476190466
narrow_corridors,20,2,zero,1,3.0,0.36071428571428565
narrow_corridors,20,2,zero,2,6.0,0.34226190476190477
narrow_corridors,20,2,zero,3,9.0,0.3577380952380952
narrow_corridors,20,2,zero,4,12.0,0.369047619047619
narrow_corridors,20,2,zero,5,15.0,0.34940476190476194
narrow_corridors,20,2,zero,6,18.0,0.356547619047619
narrow_corridors,20,2,zero,7,21.0,0.3553571428571428
narrow_corridors,20,2,zero,8,24.0,0.35773809523809524
narrow_corridors,20,2,zero,9,27.0,0.3547619047619047
narrow_corridors,20,3,cv,0,0.0,0.014927084039516345
narrow_corridors,20,3,cv,1,3.0,0.152405030660075
narrow_corridors,20,3,cv,2,6.0,0.2242938498120711
narrow_corridors,20,3,cv,3,9.0,0.264806086721478
narrow_corridors,20,3,cv,4,12.0,0.2827520995396818
narrow_corridors,20,3,cv,5,15.0,0.2883194800701537
narrow_corridors,20,3,cv,6,18.0,0.2858057471727376
narrow_corridors,20,3,cv,7,21.0,0.3107137927137104
narrow_corridors,20,3,cv,8,24.0,0.319485133298127
narrow_corridors,20,3,cv,9,27.0,0.3383731632471936
narrow_corridors,20,3,mod,0,0.0,0.007743171349873884
narrow_corridors,20,3,mod,1,3.0,0.14689452080669846
narrow_corridors,20,3,mod,2,6.0,0.20161534461513303
narrow_corridors,20,3,mod,3,9.0,0.22797350960611812
narrow_corridors,20,3,mod,4,12.0,0.23654211869770517
narrow_corridors,20,3,mod,5,15.0,0.23942591717025263
narrow_corridors,20,3,mod,6,18.0,0.2391454592907905
narrow_corridors,20,3,mod,7,21.0,0.24218804429793664
narrow_corridors,20,3,mod,8,24.0,0.24434989038407565
narrow_corridors,20,3,mod,9,27.0,0.2525093653617681
narrow_corridors,20,3,cv+prior,0,0.0,0.014927084039516345
narrow_corridors,20,3,cv+prior,1,3.0,0.15252049961041117
narrow_corridors,20,3,cv+prior,2,6.0,0.19574655370922078
narrow_corridors,20,3,cv+prior,3,9.0,0.20338290587907926
narrow_corridors,20,3,cv+prior,4,12.0,0.20000219162184335
narrow_corridors,20,3,cv+prior,5,15.0,0.19187870089342815
narrow_corridors,20,3,cv+prior,6,18.0,0.1893539008971061
narrow_corridors,20,3,cv+prior,7,21.0,0.1911304495045953
narrow_corridors,20,3,cv+prior,8,24.0,0.18990051433831673
narrow_corridors,20,3,cv+prior,9,27.0,0.19924537582315435
narrow_corridors,20,3,mod+prior,0,0.0,0.007743171349873884
narrow_corridors,20,3,mod+prior,1,3.0,0.14368870945530876
narrow_corridors,20,3,mod+prior,2,6.0,0.18696408158115868
narrow_corridors,20,3,mod+prior,3,9.0,0.197468948034666
narrow_corridors,20,3,mod+prior,4,12.0,0.1977384826166037
narrow_corridors,20,3,mod+prior,5,15.0,0.19267261677857817
narrow_corridors,20,3,mod+prior,6,18.0,0.1923132031913525
narrow_corridors,20,3,mod+prior,7,21.0,0.1918667601852831
narrow_corridors,20,3,mod+prior,8,24.0,0.19057006148258462
narrow_corridors,20,3,mod+prior,9,27.0,0.19940019011037027
narrow_corridors,20,3,zero,0,0.0,0.3321428571428571
narrow_corridors,20,3,zero,1,3.0,0.31964285714285706
narrow_corridors,20,3,zero,2,6.0,0.32857142857142857
narrow_corridors,20,3,zero,3,9.0,0.3369047619047618
narrow_corridors,20,3,zero,4,12.0,0.33095238095238083
narrow_corridors,20,3,zero,5,15.0,0.319047619047619
narrow_corridors,20,3,zero,6,18.0,0.30595238095238086
narrow_corridors,20,3,zero,7,21.0,0.32559523809523805
narrow_corridors,20,3,zero,8,24.0,0.3303571428571428
narrow_corridors,20,3,zero,9,27.0,0.34702380952380946
narrow_corridors,20,4,cv,0,0.0,0.01555622523565969
narrow_corridors,20,4,cv,1,3.0,0.14954939852879467
narrow_corridors,20,4,cv,2,6.0,0.20789928549832754
narrow_corridors,20,4,cv,3,9.0,0.24098233934516905
narrow_corridors,20,4,cv,4,12.0,0.26748691966119703
narrow_corridors,20,4,cv,5,15.0,0.27998521996652215
narrow_corridors,20,4,cv,6,18.0,0.2973722073233135
narrow_corridors,20,4,cv,7,21.0,0.2960154364091939
narrow_corridors,20,4,cv,8,24.0,0.2829134469546803
narrow_corridors,20,4,cv,9,27.0,0.29816305038915447
narrow_corridors,20,4,mod,0,0.0,0.008440068763559603
narrow_corridors,20,4,mod,1,3.0,0.14131654360421694
narrow_corridors,20,4,mod,2,6.0,0.19003526760435055
narrow_corridors,20,4,mod,3,9.0,0.21527382171670578
narrow_corridors,20,4,mod,4,12.0,0.22637904216309085
narrow_corridors,20,4,mod,5,15.0,0.2303317553529976
narrow_corridors,20,4,mod,6,18.0,0.23625691725259718
narrow_corridors,20,4,mod,7,21.0,0.23303034939169548
narrow_corridors,20,4,mod,8,24.0,0.2267481717558534
narrow_corridors,20,4,mod,9,27.0,0.22794146598871237
narrow_corridors,20,4,cv+prior,0,0.0,0.01555622523565969
narrow_corridors,20,4,cv+prior,1,3.0,0.14708965107642344
narrow_corridors,20,4,cv+prior,2,6.0,0.18126533107121617
narrow_corridors,20,4,cv+prior,3,9.0,0.18787012671382622
narrow_corridors,20,4,cv+prior,4,12.0,0.18422573100514444
narrow_corridors,20,4,cv+prior,5,15.0,0.17647021869912166
narrow_corridors,20,4,cv+prior,6,18.0,0.1737708694542552
narrow_corridors,20,4,cv+prior,7,21.0,0.1795724306738734
narrow_corridors,20,4,cv+prior,8,24.0,0.168971324629901
narrow_corridors,20,4,cv+prior,9,27.0,0.17214266666628913
narrow_corridors,20,4,mod+prior,0,0.0,0.008440068763559603
narrow_corridors,20,4,mod+prior,1,3.0,0.13658817388942762
narrow_corridors,20,4,mod+prior,2,6.0,0.1747817698766597
narrow_corridors,20,4,mod+prior,3,9.0,0.18521526447691322
narrow_corridors,20,4,mod+prior,4,12.0,0.1819809005306362
narrow_corridors,20,4,mod+prior,5,15.0,0.17629004851153643
narrow_corridors,20,4,mod+prior,6,18.0,0.17389044996314423
narrow_corridors,20,4,mod+prior,7,21.0,0.18065350750886425
narrow_corridors,20,4,mod+prior,8,24.0,0.17109957366587647
narrow_corridors,20,4,mod+prior,9,27.0,0.1731205448273032
narrow_corridors,20,4,zero,0,0.0,0.32440476190476175
narrow_corridors,20,4,zero,1,3.0,0.32023809523809516
narrow_corridors,20,4,zero,2,6.0,0.30773809523809514
narrow_corridors,20,4,zero,3,9.0,0.31011904761904757
narrow_corridors,20,4,zero,4,12.0,0.3148809523809523
narrow_corridors,20,4,zero,5,15.0,0.31071428571428567
narrow_corridors,20,4,zero,6,18.0,0.319642857142857
narrow_corridors,20,4,zero,7,21.0,0.3119047619047618
narrow_corridors,20,4,zero,8,24.0,0.29404761904761906
narrow_corridors,20,4,zero,9,27.0,0.3071428571428571
depot,10,0,cv,0,0.0,0.00666730130988102
depot,10,0,cv,1,3.0,0.049231041326460126
depot,10,0,cv,2,6.0,0.0689452955071925
depot,10,0,cv,3,9.0,0.08131503215302407
depot,10,0,cv,4,12.0,0.08651871882630649
depot,10,0,cv,5,15.0,0.08619393754406635
depot,10,0,cv,6,18.0,0.0850739982785976
depot,10,0,cv,7,21.0,0.09164054672422495
depot,10,0,cv,8,24.0,0.09139193119854436
depot,10,0,cv,9,27.0,0.08373105251197682
depot,10,0,mod,0,0.0,0.0038356405124277244
depot,10,0,mod,1,3.0,0.04405229240098376
depot,10,0,mod,2,6.0,0.06603725931391603
depot,10,0,mod,3,9.0,0.08158259189773914
depot,10,0,mod,4,12.0,0.0859144908453087
depot,10,0,mod,5,15.0,0.08278850606740265
depot,10,0,mod,6,18.0,0.08174023582684836
depot,10,0,mod,7,21.0,0.08647465152148781
depot,10,0,mod,8,24.0,0.08607243823985529
depot,10,0,mod,9,27.0,0.0793992427344858
depot,10,0,cv+prior,0,0.0,0.00666730130988102
depot,10,0,cv+prior,1,3.0,0.053190040039759544
depot,10,0,cv+prior,2,6.0,0.0713693118628371
depot,10,0,cv+prior,3,9.0,0.08219106260240619
depot,10,0,cv+prior,4,12.0,0.08404250374153455
depot,10,0,cv+prior,5,15.0,0.08079253687139878
depot,10,0,cv+prior,6,18.0,0.07864144581104174
depot,10,0,cv+prior,7,21.0,0.08338209922348692
depot,10,0,cv+prior,8,24.0,0.08297084925556816
depot,10,0,cv+prior,9,27.0,0.07737346048173642
depot,10,0,mod+prior,0,0.0,0.0038356405124277244
depot,10,0,mod+prior,1,3.0,0.0468368700221481
depot,10,0,mod+prior,2,6.0,0.06846133986427512
depot,10,0,mod+prior,3,9.0,0.08181178195497325
depot,10,0,mod+prior,4,12.0,0.08393339541355212
depot,10,0,mod+prior,5,15.0,0.08042589368532914
depot,10,0,mod+prior,6,18.0,0.07854525593228685
depot,10,0,mod+prior,7,21.0,0.08320122452844515
depot,10,0,mod+prior,8,24.0,0.08287911675706745
depot,10,0,mod+prior,9,27.0,0.0774082902859844
depot,10,0,zero,0,0.0,0.0861650485436893
depot,10,0,zero,1,3.0,0.08300970873786405
depot,10,0,zero,2,6.0,0.08592233009708736
depot,10,0,zero,3,9.0,0.09174757281553395
depot,10,0,zero,4,12.0,0.09368932038834948
depot,10,0,zero,5,15.0,0.09126213592233007
depot,10,0,zero,6,18.0,0.08859223300970871
depot,10,0,zero,7,21.0,0.09441747572815531
depot,10,0,zero,8,24.0,0.09344660194174755
depot,10,0,zero,9,27.0,0.08519417475728153
depot,10,1,cv,0,0.0,0.00535413867146803
depot,10,1,cv,1,3.0,0.04369333027516671
depot,10,1,cv,2,6.0,0.056203478684777576
depot,10,1,cv,3,9.0,0.06447899575301437
depot,10,1,cv,4,12.0,0.06436940699981973
depot,10,1,cv,5,15.0,0.07106342490673383
depot,10,1,cv,6,18.0,0.07053338029934449
depot,10,1,cv,7,21.0,0.07246164753957543
depot,10,1,cv,8,24.0,0.06977771763493097
depot,10,1,cv,9,27.0,0.06928824941675614
depot,10,1,mod,0,0.0,0.0030056631224998557
depot,10,1,mod,1,3.0,0.044041467949823755
depot,10,1,mod,2,6.0,0.055743855081226465
depot,10,1,mod,3,9.0,0.06119557375169817
depot,10,1,mod,4,12.0,0.06110709159656813
depot,10,1,mod,5,15.0,0.06771774400850043
depot,10,1,mod,6,18.0,0.0662681726977202
depot,10,1,mod,7,21.0,0.06781074407772897
depot,10,1,mod,8,24.0,0.06517533641279022
depot,10,1,mod,9,27.0,0.06462894534246919
depot,10,1,cv+prior,0,0.0,0.00535413867146803
depot,10,1,cv+prior,1,3.0,0.045528654216026386
depot,10,1,cv+prior,2,6.0,0.055649888629331914
depot,10,1,cv+prior,3,9.0,0.06123416404831793
depot,10,1,cv+prior,4,12.0,0.060159793228383704
depot,10,1,cv+prior,5,15.0,0.06454415223057104
depot,10,1,cv+prior,6,18.0,0.06416305260794747
depot,10,1,cv+prior,7,21.0,0.0648191103313746
depot,10,1,cv+prior,8,24.0,0.062142838759371065
depot,10,1,cv+prior,9,27.0,0.061563213525601755
depot,10,1,mod+prior,0,0.0,0.0030056631224998557
depot,10,1,mod+prior,1,3.0,0.04358742077383417
depot,10,1,mod+prior,2,6.0,0.054256543880170906
depot,10,1,mod+prior,3,9.0,0.059809920614205134
depot,10,1,mod+prior,4,12.0,0.05965086502526982
depot,10,1,mod+prior,5,15.0,0.06444901007122641
depot,10,1,mod+prior,6,18.0,0.06413224273401291
depot,10,1,mod+prior,7,21.0,0.06484223726537093
depot,10,1,mod+prior,8,24.0,0.06221426569851962
depot,10,1,mod+prior,9,27.0,0.061644225611064994
depot,10,1,zero,0,0.0,0.07014563106796115
depot,10,1,zero,1,3.0,0.06674757281553396
depot,10,1,zero,2,6.0,0.06723300970873784
depot,10,1,zero,3,9.0,0.07184466019417474
depot,10,1,zero,4,12.0,0.06893203883495144
depot,10,1,zero,5,15.0,0.07427184466019415
depot,10,1,zero,6,18.0,0.0728155339805825
depot,10,1,zero,7,21.0,0.07402912621359221
depot,10,1,zero,8,24.0,0.07087378640776697
depot,10,1,zero,9,27.0,0.07014563106796115
depot,10,2,cv,0,0.0,0.004724839011012968
depot,10,2,cv,1,3.0,0.04903658412213755
depot,10,2,cv,2,6.0,0.06572603210415615
depot,10,2,cv,3,9.0,0.06863191825118156
depot,10,2,cv,4,12.0,0.07123969405977262
depot,10,2,cv,5,15.0,0.07235094932960101
depot,10,2,cv,6,18.0,0.07664267028618944
depot,10,2,cv,7,21.0,0.07217467877377887
depot,10,2,cv,8,24.0,0.07379435714539885
depot,10,2,cv,9,27.0,0.07740954241160501
depot,10,2,mod,0,0.0,0.002485335312262273
depot,10,2,mod,1,3.0,0.05216533391659979
depot,10,2,mod,2,6.0,0.06972666004301456
depot,10,2,mod,3,9.0,0.06853155084574607
depot,10,2,mod,4,12.0,0.07049672840779184
depot,10,2,mod,5,15.0,0.0700249319783309
depot,10,2,mod,6,18.0,0.07277693375197715
depot,10,2,mod,7,21.0,0.06764638736841468
depot,10,2,mod,8,24.0,0.06929694158030128
depot,10,2,mod,9,27.0,0.07259415988712625
depot,10,2,cv+prior,0,0.0,0.004724839011012968
depot,10,2,cv+prior,1,3.0,0.050938951580152256
depot,10,2,cv+prior,2,6.0,0.06559069477104076
depot,10,2,cv+prior,3,9.0,0.06611943911494836
depot,10,2,cv+prior,4,12.0,0.06740159856174086
depot,10,2,cv+prior,5,15.0,0.06719931063577506
depot,10,2,cv+prior,6,18.0,0.07026740357294048
depot,10,2,cv+prior,7,21.0,0.0658268298143781
depot,10,2,cv+prior,8,24.0,0.06597703177687861
depot,10,2,cv+prior,9,27.0,0.06914829989765552
depot,10,2,mod+prior,0,0.0,0.002485335312262273
depot,10,2,mod+prior,1,3.0,0.05152150067520187
depot,10,2,mod+prior,2,6.0,0.06666000733691804
depot,10,2,mod+prior,3,9.0,0.06575946910056459
depot,10,2,mod+prior,4,12.0,0.06747196385947098
depot,10,2,mod+prior,5,15.0,0.06723820419423819
depot,10,2,mod+prior,6,18.0,0.07024023644035662
depot,10,2,mod+prior,7,21.0,0.06582986103677727
depot,10,2,mod+prior,8,24.0,0.06603177785112835
depot,10,2,mod+prior,9,27.0,0.06919564684192384
depot,10,2,zero,0,0.0,0.07888349514563105
depot,10,2,zero,1,3.0,0.07330097087378638
depot,10,2,zero,2,6.0,0.0774271844660194
depot,10,2,zero,3,9.0,0.07499999999999998
depot,10,2,zero,4,12.0,0.0757281553398058
depot,10,2,zero,5,15.0,0.07524271844660192
depot,10,2,zero,6,18.0,0.07888349514563105
depot,10,2,zero,7,21.0,0.07378640776699028
depot,10,2,zero,8,24.0,0.07499999999999998
depot,10,2,zero,9,27.0,0.07839805825242716
depot,10,3,cv,0,0.0,0.006792032606730199
depot,10,3,cv,1,3.0,0.05542549557948577
depot,10,3,cv,2,6.0,0.07424316959597316
depot,10,3,cv,3,9.0,0.08413872510122786
depot,10,3,cv,4,12.0,0.08572377195406214
depot,10,3,cv,5,15.0,0.08195369272957805
depot,10,3,cv,6,18.0,0.08499304582458786
depot,10,3,cv,7,21.0,0.08468080350104062
depot,10,3,cv,8,24.0,0.08309741744480799
depot,10,3,cv,9,27.0,0.08700404566339723
depot,10,3,mod,0,0.0,0.0038066192881013906
depot,10,3,mod,1,3.0,0.05701883540780852
depot,10,3,mod,2,6.0,0.07691273434076115
depot,10,3,mod,3,9.0,0.08384707700568422
depot,10,3,mod,4,12.0,0.08389672375871496
depot,10,3,mod,5,15.0,0.0788572358125757
depot,10,3,mod,6,18.0,0.08192807590076753
depot,10,3,mod,7,21.0,0.08086110997862761
depot,10,3,mod,8,24.0,0.07884118144288171
depot,10,3,mod,9,27.0,0.0821363772079709
depot,10,3,cv+prior,0,0.0,0.006792032606730199
depot,10,3,cv+prior,1,3.0,0.059045231304444265
depot,10,3,cv+prior,2,6.0,0.07560329438491012
depot,10,3,cv+prior,3,9.0,0.08311027373371374
depot,10,3,cv+prior,4,12.0,0.08362739471906203
depot,10,3,cv+prior,5,15.0,0.07860931603156349
depot,10,3,cv+prior,6,18.0,0.08093888539553357
depot,10,3,cv+prior,7,21.0,0.0792585318522817
depot,10,3,cv+prior,8,24.0,0.07847106749275869
depot,10,3,cv+prior,9,27.0,0.0813805321829642
depot,10,3,mod+prior,0,0.0,0.0038066192881013906
depot,10,3,mod+prior,1,3.0,0.05829060800353204
depot,10,3,mod+prior,2,6.0,0.07557581683294014
depot,10,3,mod+prior,3,9.0,0.08250292978321057
depot,10,3,mod+prior,4,12.0,0.08320443108562305
depot,10,3,mod+prior,5,15.0,0.07833394552525959
depot,10,3,mod+prior,6,18.0,0.08090443798052689
depot,10,3,mod+prior,7,21.0,0.07924163550828565
depot,10,3,mod+prior,8,24.0,0.07847804361071495
depot,10,3,mod+prior,9,27.0,0.08137826517691839
depot,10,3,zero,0,0.0,0.08543689320388347
depot,10,3,zero,1,3.0,0.08689320388349511
depot,10,3,zero,2,6.0,0.08834951456310677
depot,10,3,zero,3,9.0,0.0932038834951456
depot,10,3,zero,4,12.0,0.0919902912621359
depot,10,3,zero,5,15.0,0.0856796116504854
depot,10,3,zero,6,18.0,0.08786407766990288
depot,10,3,zero,7,21.0,0.08689320388349511
depot,10,3,zero,8,24.0,0.08470873786407765
depot,10,3,zero,9,27.0,0.08834951456310677
depot,10,4,cv,0,0.0,0.005482264143739571
depot,10,4,cv,1,3.0,0.05007091214378976
depot,10,4,cv,2,6.0,0.06939844488064233
depot,10,4,cv,3,9.0,0.06987357142684239
depot,10,4,cv,4,12.0,0.07253165236754419
depot,10,4,cv,5,15.0,0.08046641247928646
depot,10,4,cv,6,18.0,0.0821636510591051
depot,10,4,cv,7,21.0,0.08252608793316102
depot,10,4,cv,8,24.0,0.08357332150745087
depot,10,4,cv,9,27.0,0.08208166347366394
depot,10,4,mod,0,0.0,0.0029807083472094095
depot,10,4,mod,1,3.0,0.04307409554295582
depot,10,4,mod,2,6.0,0.0687685870553803
depot,10,4,mod,3,9.0,0.06969819121726328
depot,10,4,mod,4,12.0,0.0726859949491237
depot,10,4,mod,5,15.0,0.0790243289369578
depot,10,4,mod,6,18.0,0.0788973105340833
depot,10,4,mod,7,21.0,0.07893988122848031
depot,10,4,mod,8,24.0,0.07890663044315291
depot,10,4,mod,9,27.0,0.07737038752579536
depot,10,4,cv+prior,0,0.0,0.005482264143739571
depot,10,4,cv+prior,1,3.0,0.05363268133015765
depot,10,4,cv+prior,2,6.0,0.07098773845255583
depot,10,4,cv+prior,3,9.0,0.06941083443006686
depot,10,4,cv+prior,4,12.0,0.07132558197160345
depot,10,4,cv+prior,5,15.0,0.07640798629923619
depot,10,4,cv+prior,6,18.0,0.07625245732571694
depot,10,4,cv+prior,7,21.0,0.07628626080198535
depot,10,4,cv+prior,8,24.0,0.07632620296498413
depot,10,4,cv+prior,9,27.0,0.07478566690122046
depot,10,4,mod+prior,0,0.0,0.0029807083472094095
depot,10,4,mod+prior,1,3.0,0.04582976173245083
depot,10,4,mod+prior,2,6.0,0.0690287351091031
depot,10,4,mod+prior,3,9.0,0.06887158213791549
depot,10,4,mod+prior,4,12.0,0.07157552997600036
depot,10,4,mod+prior,5,15.0,0.07656931911033346
depot,10,4,mod+prior,6,18.0,0.07625457868466687
depot,10,4,mod+prior,7,21.0,0.07633600494135628
depot,10,4,mod+prior,8,24.0,0.07632984357615671
depot,10,4,mod+prior,9,27.0,0.07481834061606732
depot,10,4,zero,0,0.0,0.0757281553398058
depot,10,4,zero,1,3.0,0.08131067961165046
depot,10,4,zero,2,6.0,0.08373786407766988
depot,10,4,zero,3,9.0,0.07864077669902911
depot,10,4,zero,4,12.0,0.07839805825242716
depot,10,4,zero,5,15.0,0.08495145631067959
depot,10,4,zero,6,18.0,0.08543689320388347
depot,10,4,zero,7,21.0,0.08495145631067959
depot,10,4,zero,8,24.0,0.08543689320388347
depot,10,4,zero,9,27.0,0.08349514563106794
depot,20,0,cv,0,0.0,0.011102401746964046
depot,20,0,cv,1,3.0,0.09365841619643922
depot,20,0,cv,2,6.0,0.12021229479525448
depot,20,0,cv,3,9.0,0.13406495694988646
depot,20,0,cv,4,12.0,0.14140635778274027
depot,20,0,cv,5,15.0,0.14213231580554306
depot,20,0,cv,6,18.0,0.14898623924446064
depot,20,0,cv,7,21.0,0.1503014187030018
depot,20,0,cv,8,24.0,0.15792073909785911
depot,20,0,cv,9,27.0,0.16971548910889256
depot,20,0,mod,0,0.0,0.006245570066275812
depot,20,0,mod,1,3.0,0.08666095472623396
depot,20,0,mod,2,6.0,0.11700654586508001
depot,20,0,mod,3,9.0,0.1325680074941149
depot,20,0,mod,4,12.0,0.13850320032922264
depot,20,0,mod,5,15.0,0.13459100198736446
depot,20,0,mod,6,18.0,0.13563606294428948
depot,20,0,mod,7,21.0,0.13230208781034342
depot,20,0,mod,8,24.0,0.136042898753935
depot,20,0,mod,9,27.0,0.14422308744037754
depot,20,0,cv+prior,0,0.0,0.011102401746964046
depot,20,0,cv+prior,1,3.0,0.09934769582018484
depot,20,0,cv+prior,2,6.0,0.12163072419410517
depot,20,0,cv+prior,3,9.0,0.1272122791377111
depot,20,0,cv+prior,4,12.0,0.13035751235166176
depot,20,0,cv+prior,5,15.0,0.12718808699509554
depot,20,0,cv+prior,6,18.0,0.1311185509119373
depot,20,0,cv+prior,7,21.0,0.12507998644184232
depot,20,0,cv+prior,8,24.0,0.12958673397971252
depot,20,0,cv+prior,9,27.0,0.13662787463507928
depot,20,0,mod+prior,0,0.0,0.006245570066275812
depot,20,0,mod+prior,1,3.0,0.09023892357825589
depot,20,0,mod+prior,2,6.0,0.11826667227444228
depot,20,0,mod+prior,3,9.0,0.12681136138185609
depot,20,0,mod+prior,4,12.0,0.13087090941389326
depot,20,0,mod+prior,5,15.0,0.12755456391048164
depot,20,0,mod+prior,6,18.0,0.13104722132012345
depot,20,0,mod+prior,7,21.0,0.12483106500830696
depot,20,0,mod+prior,8,24.0,0.12923900693022947
depot,20,0,mod+prior,9,27.0,0.13623426622760443
depot,20,0,zero,0,0.0,0.1618932038834951
depot,20,0,zero,1,3.0,0.16699029126213588
depot,20,0,zero,2,6.0,0.1570388349514563
depot,20,0,zero,3,9.0,0.15922330097087378
depot,20,0,zero,4,12.0,0.1604368932038835
depot,20,0,zero,5,15.0,0.15558252427184466
depot,20,0,zero,6,18.0,0.15898058252427186
depot,20,0,zero,7,21.0,0.15776699029126212
depot,20,0,zero,8,24.0,0.16383495145631066
depot,20,0,zero,9,27.0,0.17475728155339804
depot,20,1,cv,0,0.0,0.012206118926659636
depot,20,1,cv,1,3.0,0.08929076046160142
depot,20,1,cv,2,6.0,0.1166855587579051
depot,20,1,cv,3,9.0,0.13131405245803637
depot,20,1,cv,4,12.0,0.1349037620124433
depot,20,1,cv,5,15.0,0.13981549541787594
depot,20,1,cv,6,18.0,0.14166679301140966
depot,20,1,cv,7,21.0,0.14822981530052604
depot,20,1,cv,8,24.0,0.14905033496893522
depot,20,1,cv,9,27.0,0.14707938687607552
depot,20,1,mod,0,0.0,0.007314931432929971
depot,20,1,mod,1,3.0,0.08540923045304295
depot,20,1,mod,2,6.0,0.11316782967588324
depot,20,1,mod,3,9.0,0.12904150605630166
depot,20,1,mod,4,12.0,0.12945582872768774
depot,20,1,mod,5,15.0,0.13084009728143928
depot,20,1,mod,6,18.0,0.12967973468174898
depot,20,1,mod,7,21.0,0.13134471642128767
depot,20,1,mod,8,24.0,0.13080729454586076
depot,20,1,mod,9,27.0,0.12962147143276118
depot,20,1,cv+prior,0,0.0,0.012206118926659636
depot,20,1,cv+prior,1,3.0,0.094455885028974
depot,20,1,cv+prior,2,6.0,0.11553563789289786
depot,20,1,cv+prior,3,9.0,0.12485025220416875
depot,20,1,cv+prior,4,12.0,0.1259856101989786
depot,20,1,cv+prior,5,15.0,0.12625124992574757
depot,20,1,cv+prior,6,18.0,0.12644748764497754
depot,20,1,cv+prior,7,21.0,0.12896446879400253
depot,20,1,cv+prior,8,24.0,0.12843628445769376
depot,20,1,cv+prior,9,27.0,0.12656107978716585
depot,20,1,mod+prior,0,0.0,0.007314931432929971
depot,20,1,mod+prior,1,3.0,0.08771431239999264
depot,20,1,mod+prior,2,6.0,0.11195497981189077
depot,20,1,mod+prior,3,9.0,0.12408772142167102
depot,20,1,mod+prior,4,12.0,0.12578368854602717
depot,20,1,mod+prior,5,15.0,0.12633871825934825
depot,20,1,mod+prior,6,18.0,0.12666871783804456
depot,20,1,mod+prior,7,21.0,0.12886017416095713
depot,20,1,mod+prior,8,24.0,0.12845443149623073
depot,20,1,mod+prior,9,27.0,0.12673759909723686
depot,20,1,zero,0,0.0,0.1553398058252427
depot,20,1,zero,1,3.0,0.15291262135922332
depot,20,1,zero,2,6.0,0.14975728155339807
depot,20,1,zero,3,9.0,0.15728155339805822
depot,20,1,zero,4,12.0,0.15339805825242717
depot,20,1,zero,5,15.0,0.15388349514563107
depot,20,1,zero,6,18.0,0.15169902912621358
depot,20,1,zero,7,21.0,0.15606796116504854
depot,20,1,zero,8,24.0,0.15485436893203883
depot,20,1,zero,9,27.0,0.15145631067961166
depot,20,2,cv,0,0.0,0.01001916379459548
depot,20,2,cv,1,3.0,0.0807172749919959
depot,20,2,cv,2,6.0,0.10769105987604215
depot,20,2,cv,3,9.0,0.11396212466221338
depot,20,2,cv,4,12.0,0.13145703424937663
depot,20,2,cv,5,15.0,0.12861812032669245
depot,20,2,cv,6,18.0,0.1325339287415717
depot,20,2,cv,7,21.0,0.13431914862881755
depot,20,2,cv,8,24.0,0.13967025275012102
depot,20,2,cv,9,27.0,0.14504094243729493
depot,20,2,mod,0,0.0,0.005786272225679593
depot,20,2,mod,1,3.0,0.07963423008263645
depot,20,2,mod,2,6.0,0.10851066612025431
depot,20,2,mod,3,9.0,0.11165815299660428
depot,20,2,mod,4,12.0,0.12228440791579291
depot,20,2,mod,5,15.0,0.11877856653791605
depot,20,2,mod,6,18.0,0.12149757883288326
depot,20,2,mod,7,21.0,0.12231246253579584
depot,20,2,mod,8,24.0,0.12498159983410884
depot,20,2,mod,9,27.0,0.12793119600066577
depot,20,2,cv+prior,0,0.0,0.01001916379459548
depot,20,2,cv+prior,1,3.0,0.08568020110311514
depot,20,2,cv+prior,2,6.0,0.10824997269643491
depot,20,2,cv+prior,3,9.0,0.10955789810100416
depot,20,2,cv+prior,4,12.0,0.11907398575181345
depot,20,2,cv+prior,5,15.0,0.11660058766412207
depot,20,2,cv+prior,6,18.0,0.11769004156682403
depot,20,2,cv+prior,7,21.0,0.11647856277282698
depot,20,2,cv+prior,8,24.0,0.1194140409921594
depot,20,2,cv+prior,9,27.0,0.12088711179145147
depot,20,2,mod+prior,0,0.0,0.005786272225679593
depot,20,2,mod+prior,1,3.0,0.08160396342470923
depot,20,2,mod+prior,2,6.0,0.1072479225557239
depot,20,2,mod+prior,3,9.0,0.10925707354094398
depot,20,2,mod+prior,4,12.0,0.11835195205214573
depot,20,2,mod+prior,5,15.0,0.11685086321017149
depot,20,2,mod+prior,6,18.0,0.11820446999730246
depot,20,2,mod+prior,7,21.0,0.11705262377232577
depot,20,2,mod+prior,8,24.0,0.11975641570653132
depot,20,2,mod+prior,9,27.0,0.12107676382763741
depot,20,2,zero,0,0.0,0.14805825242718446
depot,20,2,zero,1,3.0,0.1453883495145631
depot,20,2,zero,2,6.0,0.14223300970873787
depot,20,2,zero,3,9.0,0.13859223300970874
depot,20,2,zero,4,12.0,0.15024271844660192
depot,20,2,zero,5,15.0,0.14101941747572816
depot,20,2,zero,6,18.0,0.141747572815534
depot,20,2,zero,7,21.0,0.14126213592233008
depot,20,2,zero,8,24.0,0.1449029126213592
depot,20,2,zero,9,27.0,0.14927184466019416
depot,20,3,cv,0,0.0,0.011667138090109249
depot,20,3,cv,1,3.0,0.10808536609436484
depot,20,3,cv,2,6.0,0.12832575425660833
depot,20,3,cv,3,9.0,0.1392288265900592
depot,20,3,cv,4,12.0,0.14590452611875598
depot,20,3,cv,5,15.0,0.14359023312333793
depot,20,3,cv,6,18.0,0.15493027799102627
depot,20,3,cv,7,21.0,0.15364587564720214
depot,20,3,cv,8,24.0,0.15891717261406885
depot,20,3,cv,9,27.0,0.1594525670762644
depot,20,3,mod,0,0.0,0.007009418445336113
depot,20,3,mod,1,3.0,0.10741830921098525
depot,20,3,mod,2,6.0,0.13385436441311854
depot,20,3,mod,3,9.0,0.13880660674685746
depot,20,3,mod,4,12.0,0.13969606363557005
depot,20,3,mod,5,15.0,0.13351944164779977
depot,20,3,mod,6,18.0,0.13859884473010753
depot,20,3,mod,7,21.0,0.13580711505851126
depot,20,3,mod,8,24.0,0.1379395403252941
depot,20,3,mod,9,27.0,0.13667470262365067
depot,20,3,cv+prior,0,0.0,0.011667138090109249
depot,20,3,cv+prior,1,3.0,0.11408750814486604
depot,20,3,cv+prior,2,6.0,0.13068647446290607
depot,20,3,cv+prior,3,9.0,0.13683424759915647
depot,20,3,cv+prior,4,12.0,0.13993495051566637
depot,20,3,cv+prior,5,15.0,0.13427576724680504
depot,20,3,cv+prior,6,18.0,0.1437593453718698
depot,20,3,cv+prior,7,21.0,0.1399226984873063
depot,20,3,cv+prior,8,24.0,0.1450226349101718
depot,20,3,cv+prior,9,27.0,0.1414265021844558
depot,20,3,mod+prior,0,0.0,0.007009418445336113
depot,20,3,mod+prior,1,3.0,0.10957275086574414
depot,20,3,mod+prior,2,6.0,0.13141620988351224
depot,20,3,mod+prior,3,9.0,0.13632084017435475
depot,20,3,mod+prior,4,12.0,0.13914617055908882
depot,20,3,mod+prior,5,15.0,0.1337624756279263
depot,20,3,mod+prior,6,18.0,0.1429334281241536
depot,20,3,mod+prior,7,21.0,0.13947156538499011
depot,20,3,mod+prior,8,24.0,0.14466230239754677
depot,20,3,mod+prior,9,27.0,0.14115024625439884
depot,20,3,zero,0,0.0,0.16553398058252425
depot,20,3,zero,1,3.0,0.1762135922330097
depot,20,3,zero,2,6.0,0.16407766990291262
depot,20,3,zero,3,9.0,0.16577669902912623
depot,20,3,zero,4,12.0,0.16674757281553396
depot,20,3,zero,5,15.0,0.15800970873786407
depot,20,3,zero,6,18.0,0.16674757281553393
depot,20,3,zero,7,21.0,0.16237864077669903
depot,20,3,zero,8,24.0,0.1657766990291262
depot,20,3,zero,9,27.0,0.16480582524271845
depot,20,4,cv,0,0.0,0.011850014094381304
depot,20,4,cv,1,3.0,0.1017256489901883
depot,20,4,cv,2,6.0,0.12437173768690384
depot,20,4,cv,3,9.0,0.14155294994987627
depot,20,4,cv,4,12.0,0.13846230143683685
depot,20,4,cv,5,15.0,0.15046415922789305
depot,20,4,cv,6,18.0,0.15031279273091613
depot,20,4,cv,7,21.0,0.15756026570731105
depot,20,4,cv,8,24.0,0.1558001439300965
depot,20,4,cv,9,27.0,0.1531418725839991
depot,20,4,mod,0,0.0,0.006888386273092459
depot,20,4,mod,1,3.0,0.09662100041646011
depot,20,4,mod,2,6.0,0.12612664976399543
depot,20,4,mod,3,9.0,0.13865279374553413
depot,20,4,mod,4,12.0,0.13049165298653667
depot,20,4,mod,5,15.0,0.13764847013992104
depot,20,4,mod,6,18.0,0.13540613270262253
depot,20,4,mod,7,21.0,0.13810730145004543
depot,20,4,mod,8,24.0,0.13510376548952172
depot,20,4,mod,9,27.0,0.1346435154814859
depot,20,4,cv+prior,0,0.0,0.011850014094381304
depot,20,4,cv+prior,1,3.0,0.10755704479422479
depot,20,4,cv+prior,2,6.0,0.12643637304406813
depot,20,4,cv+prior,3,9.0,0.13925743447224007
depot,20,4,cv+prior,4,12.0,0.13193646262341685
depot,20,4,cv+prior,5,15.0,0.13760281097332938
depot,20,4,cv+prior,6,18.0,0.13873956775575194
depot,20,4,cv+prior,7,21.0,0.1397380072940385
depot,20,4,cv+prior,8,24.0,0.1373275640939393
depot,20,4,cv+prior,9,27.0,0.13718726342023568
depot,20,4,mod+prior,0,0.0,0.006888386273092459
depot,20,4,mod+prior,1,3.0,0.09985625354713096
depot,20,4,mod+prior,2,6.0,0.12579773683452972
depot,20,4,mod+prior,3,9.0,0.13847948356495257
depot,20,4,mod+prior,4,12.0,0.13107763212771414
depot,20,4,mod+prior,5,15.0,0.13674854242700135
depot,20,4,mod+prior,6,18.0,0.1383452822290598
depot,20,4,mod+prior,7,21.0,0.13924269066275952
depot,20,4,mod+prior,8,24.0,0.1370368318655177
depot,20,4,mod+prior,9,27.0,0.13721324389184972
depot,20,4,zero,0,0.0,0.1594660194174757
depot,20,4,zero,1,3.0,0.16626213592233013
depot,20,4,zero,2,6.0,0.1587378640776699
depot,20,4,zero,3,9.0,0.16820388349514565
depot,20,4,zero,4,12.0,0.15558252427184466
depot,20,4,zero,5,15.0,0.1635922330097087
depot,20,4,zero,6,18.0,0.1599514563106796
depot,20,4,zero,7,21.0,0.16504854368932037
depot,20,4,zero,8,24.0,0.1614077669902913
depot,20,4,zero,9,27.0,0.15752427184466017
