world,humans,sample,coordinator,wall_time,success,all_arrived,robot_collision,robots_arrived,makespan,sum_of_costs,min_robot_robot_dist,min_human_robot_dist,time_near_humans,human_encounters,stuck_time,deadlock_time,replans,solver_calls,episode_time,stat_solver_time,stat_local_repairs,stat_coupled_repairs,stat_global_replans,stat_repair_failures,stat_rejected_repairs,stat_kept_plans,stat_blocked_triggers,stat_risk_triggers,stat_step_duration,stat_solver_failures
depot,10,0,ha_cbs_l0,1.039060354232788,1.0,1.0,0.0,5.0,105.6,401.4,1.16,0.08421401308570972,29.0,9.0,14.199999999999996,0.0,0.0,1.0,106.8,0.0006117,0,0,0,0,0,0,0,0,2.9094954515540916,
depot,10,0,ha_cbs_l1,3.3448424339294434,1.0,1.0,0.0,5.0,114.6,412.79999999999995,1.1600000000000001,0.06894200461257266,30.400000000000002,12.0,21.800000000000008,0.0,2.0,7.0,115.8,0.0026464,2,0,0,0,0,2,2,2,3.1249619507146007,
depot,10,0,ha_cbs_l16,1.9137153625488281,1.0,1.0,0.0,5.0,148.8,517.4000000000001,1.0826707717491966,0.06894200461257266,22.600000000000016,3.0,57.60000000000001,0.0,3.0,4.0,149.8,0.3808693000000001,3,0,0,0,0,0,3,0,2.6534548017260633,
depot,10,0,ha_cbs_l2,2.1175239086151123,1.0,1.0,0.0,5.0,114.6,412.79999999999995,1.1600000000000001,0.06894200461257266,30.400000000000002,12.0,21.800000000000008,0.0,2.0,7.0,115.8,0.006577800000000001,2,0,0,0,0,2,2,2,3.1249619507146007,
depot,10,0,ha_cbs_l4,1.6601197719573975,1.0,1.0,0.0,5.0,99.8,415.59999999999997,1.1600000000000001,0.06894200461257266,15.000000000000004,5.0,10.999999999999996,0.0,1.0,2.0,100.8,0.0408998,1,0,0,0,0,0,1,0,2.6536501847953233,
depot,10,0,ha_cbs_l8,1.6422793865203857,1.0,1.0,0.0,5.0,118.4,440.6,1.0812238436142623,0.06894200461257266,16.600000000000005,4.0,34.2,0.0,1.0,2.0,119.4,0.049312,1,0,0,0,0,0,1,0,2.4918881372013715,
depot,10,0,mapf,4.767171144485474,1.0,1.0,0.0,5.0,101.8,401.2,1.16,0.01063014581273444,32.00000000000002,11.0,9.799999999999997,0.0,186.0,187.0,102.8,0.027226399999999998,,,,,,,,,,0
depot,10,1,ha_cbs_l0,1.013873815536499,1.0,1.0,0.0,5.0,96.6,401.0,1.16,0.07582216034906937,22.199999999999992,9.0,5.200000000000003,0.0,1.0,2.0,97.8,0.0005655,1,0,0,0,0,0,1,0,3.073578765140002,
depot,10,1,ha_cbs_l1,2.9625916481018066,1.0,1.0,0.0,5.0,102.8,407.4,1.1600000000000001,0.013928388277184171,25.199999999999992,9.0,5.200000000000003,0.0,1.0,2.0,104.0,0.0014444,1,0,0,0,0,0,1,0,3.1985149182755985,
depot,10,1,ha_cbs_l16,1.647376537322998,1.0,1.0,0.0,5.0,133.8,519.2,1.1200017857128621,0.24001041644062002,14.199999999999978,2.0,45.199999999999996,0.0,2.0,3.0,135.0,0.2526217,2,0,0,0,0,0,2,0,2.939066266377704,
depot,10,1,ha_cbs_l2,1.668506383895874,1.0,1.0,0.0,5.0,102.8,407.4,1.1600000000000001,0.013928388277184171,25.199999999999992,9.0,5.200000000000003,0.0,1.0,2.0,104.0,0.0022557999999999996,1,0,0,0,0,0,1,0,3.1985149182755985,
depot,10,1,ha_cbs_l4,1.6941299438476562,1.0,1.0,0.0,5.0,102.4,414.6,1.0605493859316502,0.029832867780352438,16.199999999999978,6.0,27.599999999999994,0.0,2.0,3.0,103.6,0.043865,2,0,0,0,0,0,2,0,2.881502162341391,
depot,10,1,ha_cbs_l8,2.32791805267334,1.0,1.0,0.0,5.0,148.4,519.2,1.070491942986961,0.3242344830520032,14.199999999999978,1.0,58.99999999999999,0.0,5.0,6.0,149.6,0.0469196,5,0,0,0,0,0,5,0,2.7900946978343324,
depot,10,1,mapf,4.443140506744385,1.0,1.0,0.0,5.0,94.6,386.6,1.16,0.08500000000000002,30.0,10.0,7.200000000000003,0.0,174.0,175.0,96.0,0.02480540000000001,,,,,,,,,,0
depot,10,2,ha_cbs_l0,1.41685152053833,1.0,1.0,0.0,5.0,110.0,411.6,1.16,0.025999999999999912,30.199999999999996,11.0,13.2,0.0,5.0,6.0,111.2,0.0008179999999999999,5,0,0,0,0,0,5,0,2.635611447344538,
depot,10,2,ha_cbs_l1,2.7737183570861816,1.0,1.0,0.0,5.0,107.2,412.8,1.1600000000000001,0.06174139616173258,28.799999999999997,9.0,11.2,0.0,3.0,4.0,108.4,0.001214,3,0,0,0,0,0,3,0,2.5232902538560773,
depot,10,2,ha_cbs_l16,3.8717212677001953,1.0,1.0,0.0,5.0,143.8,491.20000000000005,1.1139999999999999,0.34667708317683793,14.199999999999996,4.0,53.400000000000006,0.0,6.0,9.0,147.4,2.0207979,5,1,0,0,1,0,6,0,2.68006990708283,
depot,10,2,ha_cbs_l2,1.7914063930511475,1.0,1.0,0.0,5.0,107.2,412.8,1.1600000000000001,0.06174139616173258,28.799999999999997,9.0,11.2,0.0,3.0,4.0,108.4,0.0033372999999999996,3,0,0,0,0,0,3,0,2.5232902538560773,
depot,10,2,ha_cbs_l4,1.9652471542358398,1.0,1.0,0.0,5.0,109.4,449.00000000000006,1.0536531687419728,0.06174139616173258,25.39999999999999,7.0,25.0,0.0,3.0,4.0,110.6,0.14091030000000002,3,0,0,0,0,0,3,0,2.861375637303556,
depot,10,2,ha_cbs_l8,3.3537566661834717,1.0,1.0,0.0,5.0,121.8,481.0,1.0455008369197984,0.13426093996393737,15.199999999999978,5.0,40.80000000000001,0.0,6.0,8.0,123.0,1.1474187999999998,5,1,0,0,1,0,6,0,2.6445343768802854,
depot,10,2,mapf,4.913475275039673,1.0,1.0,0.0,5.0,101.6,424.40000000000003,1.16,0.049658836071740445,35.2,11.0,11.600000000000009,0.0,186.0,187.0,102.8,0.023908200000000008,,,,,,,,,,0
depot,10,3,ha_cbs_l0,1.113215446472168,1.0,1.0,0.0,5.0,104.0,406.80000000000007,1.16,0.06000833275471005,29.599999999999994,10.0,20.80000000000001,0.0,2.0,3.0,105.2,0.0005671,2,0,0,0,0,0,2,0,2.7606138746387408,
depot,10,3,ha_cbs_l1,2.900310516357422,1.0,1.0,0.0,5.0,113.8,413.0,1.1600000000000001,0.08381527307120122,26.80000000000001,7.0,21.0,0.0,3.0,4.0,115.0,0.0015015999999999999,3,0,0,0,0,0,3,0,3.053016554215529,
depot,10,3,ha_cbs_l16,1.9660770893096924,1.0,1.0,0.0,5.0,157.4,546.6,1.1104638670393558,0.0816149496109632,46.20000000000002,15.0,55.199999999999996,0.0,5.0,6.0,158.6,0.2054191,5,0,0,0,0,0,5,0,2.6538324117912926,
depot,10,3,ha_cbs_l2,1.9935297966003418,1.0,1.0,0.0,5.0,113.8,413.0,1.1600000000000001,0.08381527307120122,26.80000000000001,7.0,21.0,0.0,3.0,4.0,115.0,0.0054859,3,0,0,0,0,0,3,0,3.053016554215529,
depot,10,3,ha_cbs_l4,2.073063611984253,1.0,1.0,0.0,5.0,108.0,438.79999999999995,1.0616449500656988,0.10113851887386832,27.799999999999997,5.0,43.60000000000001,0.0,5.0,6.0,109.0,0.0850151,5,0,0,0,0,0,5,0,2.6231135589185466,
depot,10,3,ha_cbs_l8,1.8346848487854004,1.0,1.0,0.0,5.0,129.0,493.80000000000007,1.0673448364984952,0.08381527307120122,33.000000000000014,11.0,52.800000000000004,0.0,3.0,4.0,130.2,0.0396996,3,0,0,0,0,0,3,0,2.5661455641760016,
depot,10,3,mapf,4.956577301025391,1.0,1.0,0.0,5.0,101.4,396.8,1.16,0.09019977827023733,17.400000000000006,5.0,15.200000000000003,0.0,186.0,187.0,102.6,0.022599799999999986,,,,,,,,,,0
depot,10,4,ha_cbs_l0,1.248833417892456,1.0,1.0,0.0,5.0,101.4,407.20000000000005,1.16,0.04876474136094643,29.799999999999976,9.0,7.399999999999995,0.0,4.0,5.0,102.6,0.0007218,4,0,0,0,0,0,4,0,2.8362951185449683,
depot,10,4,ha_cbs_l1,2.532559871673584,1.0,1.0,0.0,5.0,104.6,406.79999999999995,1.1600000000000001,0.12149074038789945,37.599999999999994,12.0,12.599999999999998,0.0,4.0,7.0,108.8,0.0022065999999999995,4,0,0,0,0,1,4,1,2.8756429646353125,
depot,10,4,ha_cbs_l16,1.976703405380249,1.0,1.0,0.0,5.0,150.0,559.0,0.8666302556453934,0.15947727110782908,36.99999999999994,6.0,65.39999999999998,0.0,5.0,6.0,151.2,0.29014370000000006,5,0,0,0,0,0,5,0,3.1069496432268173,
depot,10,4,ha_cbs_l2,2.041776180267334,1.0,1.0,0.0,5.0,104.6,406.79999999999995,1.1600000000000001,0.12149074038789945,37.599999999999994,12.0,12.599999999999998,0.0,4.0,7.0,108.8,0.0118166,4,0,0,0,0,1,4,1,2.8756429646353125,
depot,10,4,ha_cbs_l4,2.0631000995635986,1.0,1.0,0.0,5.0,104.6,428.4,1.1600000000000001,0.06551335741663672,32.8,10.0,27.8,0.0,3.0,6.0,108.8,0.0825947,3,0,0,0,0,1,3,1,2.9287207724286737,
depot,10,4,ha_cbs_l8,1.8990261554718018,1.0,1.0,0.0,5.0,128.6,488.4,1.0592610631945272,0.12576565508913756,25.39999999999999,6.0,50.2,0.0,4.0,5.0,129.8,0.0390018,4,0,0,0,0,0,4,0,2.8676829993698343,
depot,10,4,mapf,4.628816366195679,1.0,1.0,0.0,5.0,92.8,404.8,1.0913807768143982,0.02202271554554457,33.00000000000001,15.0,7.800000000000001,0.0,170.0,171.0,94.0,0.021508299999999994,,,,,,,,,,0
depot,20,0,ha_cbs_l0,1.978062391281128,1.0,1.0,0.0,5.0,121.8,454.0,1.0977285638991088,0.02968164415931047,78.39999999999999,23.0,12.600000000000005,0.0,4.0,5.0,123.0,0.0008904999999999999,4,0,0,0,0,0,4,0,3.084129236484212,
depot,20,0,ha_cbs_l1,3.489455223083496,1.0,1.0,0.0,5.0,114.4,439.40000000000003,1.1311980374806165,0.02968164415931047,70.80000000000001,24.0,14.399999999999999,0.0,3.0,5.0,115.6,0.0038412,2,1,0,0,0,0,2,1,3.785807155202903,
depot,20,0,ha_cbs_l16,2.2422757148742676,1.0,1.0,0.0,5.0,126.8,491.4,1.0861330489401382,0.02968164415931047,44.39999999999997,8.0,43.2,0.0,2.0,3.0,128.0,0.0481624,2,0,0,0,0,0,2,0,2.5974945282014783,
depot,20,0,ha_cbs_l2,3.069863796234131,1.0,1.0,0.0,5.0,101.4,432.0,1.0586467777308914,0.03269556544854382,55.19999999999997,18.0,11.799999999999997,0.0,3.0,6.0,102.6,0.0475792,3,0,0,0,0,1,3,1,2.800241090807346,
depot,20,0,ha_cbs_l4,3.3555092811584473,1.0,1.0,0.0,5.0,127.4,470.20000000000005,1.0868509557432429,0.024083189157583784,55.99999999999996,12.0,43.999999999999986,0.0,4.0,5.0,128.6,0.03803849999999999,4,0,0,0,0,0,4,0,2.5492567526037995,
depot,20,0,ha_cbs_l8,2.8193604946136475,1.0,1.0,0.0,5.0,126.8,491.4,1.0861330489401382,0.02968164415931047,44.39999999999997,8.0,43.2,0.0,2.0,3.0,128.0,0.1899045,2,0,0,0,0,0,2,0,2.5974945282014783,
depot,20,0,mapf,5.286210060119629,1.0,1.0,0.0,5.0,96.6,426.4,1.16,0.030413812651491474,52.999999999999986,19.0,7.400000000000002,0.0,177.0,178.0,97.8,0.02668100000000001,,,,,,,,,,0
depot,20,1,ha_cbs_l0,1.570373296737671,1.0,1.0,0.0,5.0,100.6,415.4,1.16,0.07915806970865329,51.99999999999999,13.0,3.3999999999999986,0.0,2.0,3.0,101.6,0.0006511,2,0,0,0,0,0,2,0,2.899968459927546,
depot,20,1,ha_cbs_l1,3.3227336406707764,1.0,1.0,0.0,5.0,102.0,405.4,1.1600000000000001,0.07915806970865329,47.19999999999999,12.0,3.3999999999999986,0.0,2.0,6.0,103.0,0.0066283,1,1,0,0,0,1,1,2,2.889007625941456,
depot,20,1,ha_cbs_l16,2.1846039295196533,1.0,1.0,0.0,5.0,133.2,516.4,1.1220017825297781,0.07021395872616824,33.99999999999997,11.0,44.0,0.0,2.0,3.0,134.4,0.0709791,2,0,0,0,0,0,2,0,2.8304946743155077,
depot,20,1,ha_cbs_l2,2.8210537433624268,1.0,1.0,0.0,5.0,100.2,434.4,1.0729864864013903,0.06746851117373276,36.599999999999994,11.0,12.800000000000004,0.0,3.0,6.0,101.2,0.0287141,3,0,0,0,0,1,3,1,3.070621821573033,
depot,20,1,ha_cbs_l4,3.108020544052124,1.0,1.0,0.0,5.0,114.0,432.8,1.0565798597361205,0.0802309167341375,31.99999999999999,8.0,25.8,0.0,3.0,6.0,115.0,0.04169160000000001,3,0,0,0,0,1,3,1,2.6111891698492395,
depot,20,1,ha_cbs_l8,2.9923689365386963,1.0,1.0,0.0,5.0,133.2,516.4,1.1220017825297781,0.07021395872616824,33.99999999999997,11.0,44.0,0.0,2.0,3.0,134.4,0.4745712,2,0,0,0,0,0,2,0,2.8304946743155077,
depot,20,1,mapf,5.503098011016846,1.0,1.0,0.0,5.0,100.6,435.4,1.16,0.04560701700396599,59.19999999999999,18.0,4.999999999999993,0.0,184.0,185.0,101.6,0.026727199999999986,,,,,,,,,,0
depot,20,2,ha_cbs_l0,1.768310785293579,1.0,1.0,0.0,5.0,106.0,435.0,1.16,0.06016643582596535,50.00000000000002,25.0,14.6,0.0,4.0,5.0,107.0,0.0007151,4,0,0,0,0,0,4,0,2.5384523816210964,
depot,20,2,ha_cbs_l1,3.2493062019348145,1.0,1.0,0.0,5.0,111.6,444.79999999999995,1.1600000000000001,0.06016643582596535,54.20000000000002,26.0,12.6,0.0,3.0,4.0,112.8,0.003306,3,0,0,0,0,0,3,0,2.537145476024294,
depot,20,2,ha_cbs_l16,3.433553457260132,1.0,1.0,0.0,5.0,196.2,640.2,1.117119510168899,0.0776659513557909,48.00000000000003,12.0,70.2,0.0,10.0,11.0,197.2,0.1001816,10,0,0,0,0,0,10,0,3.458325815134952,
depot,20,2,ha_cbs_l2,2.9377620220184326,1.0,1.0,0.0,5.0,109.2,451.4,1.0420479835401053,0.06016643582596535,51.60000000000003,24.0,22.800000000000004,0.0,3.0,4.0,110.4,0.0225707,3,0,0,0,0,0,3,0,2.908465653790183,
depot,20,2,ha_cbs_l4,3.8741343021392822,1.0,1.0,0.0,5.0,149.2,562.0,1.092055401525032,0.0776659513557909,41.19999999999998,12.0,55.79999999999999,0.0,9.0,10.0,150.4,0.03820080000000001,9,0,0,0,0,0,9,0,3.4213764145301244,
depot,20,2,ha_cbs_l8,4.414987564086914,1.0,1.0,0.0,5.0,176.4,632.0,1.063135927339491,0.0776659513557909,33.8,9.0,82.4,0.0,8.0,9.0,177.4,1.1509049999999998,8,0,0,0,0,0,8,0,2.594190224767705,
depot,20,2,mapf,5.782487154006958,1.0,1.0,0.0,5.0,104.2,467.0,1.16,0.030083217912982633,54.79999999999999,20.0,19.2,0.0,191.0,192.0,105.4,0.0251461,,,,,,,,,,0
depot,20,3,ha_cbs_l0,2.280221462249756,1.0,1.0,0.0,5.0,107.4,450.2,1.16,0.01389244398944976,73.40000000000002,28.0,21.199999999999996,0.0,10.0,11.0,108.6,0.0013004000000000002,10,0,0,0,0,0,10,0,2.697659258840722,
depot,20,3,ha_cbs_l1,3.839137315750122,1.0,1.0,0.0,5.0,114.2,459.6,1.16,0.01389244398944976,78.00000000000004,29.0,20.400000000000006,0.0,7.0,18.0,115.4,0.0069138,6,1,0,0,0,4,6,5,2.8500698845229535,
depot,20,3,ha_cbs_l16,3.394974946975708,1.0,1.0,0.0,5.0,182.2,617.4000000000001,1.1090631181316961,0.025179356624027826,95.19999999999999,27.0,62.400000000000006,0.0,8.0,10.0,183.2,0.1320873,7,1,0,0,1,0,8,0,2.9993053136664987,
depot,20,3,ha_cbs_l2,3.055966854095459,1.0,1.0,0.0,5.0,115.2,447.20000000000005,1.16,0.028284271247461926,59.39999999999999,16.0,20.799999999999997,0.0,4.0,5.0,116.4,0.0625048,4,0,0,0,0,0,4,0,3.1032780474792308,
depot,20,3,ha_cbs_l4,3.2096750736236572,1.0,1.0,0.0,5.0,117.6,466.6,1.1065224805669336,0.028284271247461926,56.199999999999996,12.0,19.20000000000001,0.0,7.0,8.0,118.8,0.037554000000000004,7,0,0,0,0,0,6,1,4.04031692839486,
depot,20,3,ha_cbs_l8,4.180224418640137,1.0,1.0,0.0,5.0,161.6,617.8,1.1140017953306895,0.01456021977856224,88.40000000000002,26.0,61.400000000000006,0.0,7.0,9.0,162.8,1.0654721,6,1,0,0,1,0,7,0,3.4184139550400054,
depot,20,3,mapf,6.555068254470825,1.0,1.0,0.0,5.0,117.4,452.4,1.16,0.025942243542145815,78.00000000000001,28.0,27.400000000000013,0.0,215.0,216.0,118.4,0.026154400000000008,,,,,,,,,,0
depot,20,4,ha_cbs_l0,1.8114445209503174,1.0,1.0,0.0,5.0,117.6,452.40000000000003,1.16,0.016155494421403505,60.199999999999996,22.0,15.399999999999999,0.0,3.0,4.0,118.8,0.0006772000000000001,3,0,0,0,0,0,3,0,3.085420736159328,
depot,20,4,ha_cbs_l1,3.495854616165161,1.0,1.0,0.0,5.0,124.0,449.79999999999995,1.1600000000000001,0.1028834291807967,59.0,20.0,22.799999999999997,0.0,3.0,7.0,125.2,0.005812299999999999,3,0,0,0,0,1,3,1,3.4412835532288457,
depot,20,4,ha_cbs_l16,2.832179546356201,1.0,1.0,0.0,5.0,156.2,583.4,1.1180755788407153,0.04254409477236507,68.4,25.0,67.2,0.0,6.0,7.0,157.4,0.0767963,6,0,0,0,0,0,6,0,3.405368942248611,
depot,20,4,ha_cbs_l2,3.4225003719329834,1.0,1.0,0.0,5.0,121.6,484.00000000000006,1.1160542101528936,0.01562049935181318,67.20000000000003,27.0,46.199999999999996,0.0,5.0,8.0,122.8,0.0305393,5,0,0,0,0,1,5,1,3.1574817984267485,
depot,20,4,ha_cbs_l4,3.3297853469848633,1.0,1.0,0.0,5.0,136.0,504.20000000000005,1.0789518061526198,0.0787718223732322,62.19999999999999,25.0,65.80000000000001,0.0,4.0,5.0,137.2,0.05527420000000001,4,0,0,0,0,0,4,0,2.536119600189899,
depot,20,4,ha_cbs_l8,4.463947534561157,1.0,1.0,0.0,5.0,193.6,655.6,1.1184024320431356,0.06675327707311439,89.40000000000003,36.0,93.80000000000001,0.0,7.0,8.0,194.8,1.111833,7,0,0,0,0,0,7,0,3.503587369563638,
depot,20,4,mapf,5.663054466247559,1.0,1.0,0.0,5.0,101.4,431.0,1.16,0.048259714048054736,56.80000000000001,21.0,10.399999999999991,0.0,186.0,187.0,102.6,0.02376879999999999,,,,,,,,,,0
narrow_corridors,10,0,ha_cbs_l0,1.120642900466919,1.0,1.0,0.0,5.0,88.2,389.20000000000005,1.1643062311952126,0.03710795063056027,70.0,42.0,33.2,0.0,9.0,10.0,89.4,0.0008131,9,0,0,0,0,0,9,0,2.820585499361699,
narrow_corridors,10,0,ha_cbs_l1,1.865877628326416,1.0,1.0,0.0,5.0,89.4,380.6,1.1259307261106253,0.0681835757349232,60.40000000000001,32.0,32.0,0.0,10.0,19.0,90.4,0.004251599999999999,10,0,0,0,0,3,10,3,3.539651159595819,
narrow_corridors,10,0,ha_cbs_l16,3.527231454849243,1.0,1.0,0.0,5.0,85.2,399.2,1.1643062311952126,0.03710795063056027,66.99999999999999,37.0,30.800000000000008,0.0,11.0,19.0,86.2,2.0700018,10,0,1,0,0,2,10,3,3.1330934223456874,
narrow_corridors,10,0,ha_cbs_l2,1.6709349155426025,1.0,1.0,0.0,5.0,89.4,380.6,1.1259307261106253,0.0681835757349232,60.40000000000001,32.0,32.0,0.0,10.0,19.0,90.4,0.011505599999999996,10,0,0,0,0,3,10,3,3.539651159595819,
narrow_corridors,10,0,ha_cbs_l4,1.7181873321533203,1.0,1.0,0.0,5.0,107.6,458.0,1.2838582476270495,0.008246211251235275,85.19999999999999,43.0,38.0,0.0,9.0,12.0,108.6,0.0783742,9,0,0,0,0,1,9,1,3.3475567686364496,
narrow_corridors,10,0,ha_cbs_l8,3.5631420612335205,1.0,1.0,0.0,5.0,85.2,399.2,1.1643062311952126,0.03710795063056027,66.99999999999999,37.0,30.800000000000008,0.0,11.0,19.0,86.2,2.0193426000000003,10,0,1,0,0,2,10,3,3.1330934223456874,
narrow_corridors,10,0,mapf,4.387744188308716,1.0,1.0,0.0,5.0,87.2,400.6,1.0444232858376914,0.016124515496596922,68.40000000000002,46.0,27.999999999999993,0.0,160.0,161.0,88.4,0.0302669,,,,,,,,,,0
narrow_corridors,10,1,ha_cbs_l0,0.8270697593688965,1.0,1.0,0.0,5.0,83.6,368.4,1.5232393114675058,0.02860069929215014,63.599999999999994,45.0,14.40000000000001,0.0,5.0,6.0,84.6,0.0006550000000000001,5,0,0,0,0,0,5,0,3.0364099648935494,
narrow_corridors,10,1,ha_cbs_l1,1.6178572177886963,1.0,1.0,0.0,5.0,84.8,390.59999999999997,1.2804253199620819,0.02789265136196281,63.8,51.0,16.800000000000004,0.0,7.0,14.0,86.0,0.0034046999999999997,7,0,0,0,0,2,7,2,3.3950669698933034,
narrow_corridors,10,1,ha_cbs_l16,3.389054298400879,1.0,1.0,0.0,5.0,92.2,395.8,1.4304719500919962,0.02860069929215014,73.4,54.0,14.40000000000001,0.0,5.0,15.0,93.4,2.039142200000001,4,0,1,0,0,2,4,3,3.551244306936411,
narrow_corridors,10,1,ha_cbs_l2,1.568753719329834,1.0,1.0,0.0,5.0,84.8,390.59999999999997,1.2804253199620819,0.02789265136196281,63.8,51.0,16.800000000000004,0.0,7.0,14.0,86.0,0.0079515,7,0,0,0,0,2,7,2,3.3950669698933034,
narrow_corridors,10,1,ha_cbs_l4,1.4743359088897705,1.0,1.0,0.0,5.0,94.8,421.4,1.3210499612051014,0.04837354648979115,65.20000000000003,60.0,12.599999999999994,0.0,6.0,10.0,95.8,0.0414148,6,0,0,0,0,1,6,1,3.0131529851405126,
narrow_corridors,10,1,ha_cbs_l8,3.3780200481414795,1.0,1.0,0.0,5.0,92.2,395.8,1.4304719500919962,0.02860069929215014,73.4,54.0,14.40000000000001,0.0,5.0,15.0,93.4,2.016419999999999,4,0,1,0,0,2,4,3,3.551244306936411,
narrow_corridors,10,1,mapf,4.099099397659302,1.0,1.0,0.0,5.0,80.6,379.4,1.0916340962062334,0.028999999999999946,58.99999999999999,45.0,2.6000000000000014,0.0,148.0,149.0,81.6,0.020564400000000004,,,,,,,,,,0
narrow_corridors,10,2,ha_cbs_l0,1.4802157878875732,1.0,1.0,0.0,5.0,122.2,452.0,1.1991505326688556,0.039597979746446695,101.19999999999999,83.0,54.80000000000004,0.0,15.0,16.0,123.2,0.0012073000000000001,15,0,0,0,0,0,15,0,3.887779346932705,
narrow_corridors,10,2,ha_cbs_l1,2.8646605014801025,1.0,1.0,0.0,5.0,120.4,443.59999999999997,1.443,0.025495097567963816,98.19999999999999,74.0,46.00000000000001,0.0,13.0,44.0,121.6,0.0057929,12,0,1,0,2,10,13,10,3.517006737745887,
narrow_corridors,10,2,ha_cbs_l16,4.233156681060791,1.0,1.0,0.0,5.0,117.6,456.8,1.1991505326688556,0.018788294228055853,95.2,81.0,48.40000000000001,0.0,17.0,38.0,118.8,2.0263903,15,1,1,0,0,6,13,10,3.163864006562826,
narrow_corridors,10,2,ha_cbs_l2,3.056251049041748,1.0,1.0,0.0,5.0,120.4,443.59999999999997,1.443,0.025495097567963816,98.19999999999999,74.0,46.00000000000001,0.0,13.0,44.0,121.6,0.010707499999999998,12,0,1,0,2,10,13,10,3.517006737745887,
narrow_corridors,10,2,ha_cbs_l4,2.309131383895874,1.0,1.0,0.0,5.0,106.4,421.0,1.299086602194019,0.03436568055487944,76.59999999999998,57.0,40.599999999999994,0.0,12.0,30.0,107.6,0.05155070000000001,12,0,0,0,0,6,12,6,2.9945462437244412,
narrow_corridors,10,2,ha_cbs_l8,4.916142702102661,1.0,1.0,0.0,5.0,120.0,459.2,1.1991505326688556,0.039597979746446695,97.2,80.0,54.80000000000004,0.0,15.0,42.0,121.2,2.017571900000001,14,0,1,0,0,8,13,10,3.580315530869779,
narrow_corridors,10,2,mapf,6.282201290130615,1.0,1.0,0.0,5.0,128.6,434.79999999999995,0.9310128892770498,0.017492855684536183,100.00000000000004,78.0,41.8,0.0,236.0,237.0,129.8,0.030427200000000015,,,,,,,,,,0
narrow_corridors,10,3,ha_cbs_l0,1.2193701267242432,1.0,1.0,0.0,5.0,103.0,405.6,1.3236411900511407,0.05889821729050917,81.40000000000002,45.0,39.00000000000001,0.0,10.0,11.0,104.2,0.0009471999999999999,10,0,0,0,0,0,10,0,3.6190622675045465,
narrow_corridors,10,3,ha_cbs_l1,1.7919962406158447,1.0,1.0,0.0,5.0,101.6,387.59999999999997,1.4060003556187313,0.04729693436154172,72.39999999999998,31.0,37.0,0.0,9.0,15.0,102.8,0.0033253999999999996,9,0,0,0,0,2,9,2,3.9002531423277547,
narrow_corridors,10,3,ha_cbs_l16,3.5664706230163574,1.0,1.0,0.0,5.0,105.2,434.2,1.199303964806254,0.022825424421027158,84.39999999999999,41.0,22.4,0.0,14.0,23.0,106.4,2.0464711,13,1,0,0,0,2,13,3,4.469446613856079,
narrow_corridors,10,3,ha_cbs_l2,1.6058452129364014,1.0,1.0,0.0,5.0,101.6,387.59999999999997,1.4060003556187313,0.04729693436154172,72.39999999999998,31.0,37.0,0.0,9.0,15.0,102.8,0.0062209000000000006,9,0,0,0,0,2,9,2,3.9002531423277547,
narrow_corridors,10,3,ha_cbs_l4,1.971987247467041,1.0,1.0,0.0,5.0,121.8,449.8,1.2004815700376246,0.025495097567964094,101.19999999999999,70.0,40.600000000000016,0.0,11.0,15.0,123.0,0.08618450000000001,11,0,0,0,0,1,11,1,3.1510817999664615,
narrow_corridors,10,3,ha_cbs_l8,3.896700143814087,1.0,1.0,0.0,5.0,118.0,458.20000000000005,1.3090003819709144,0.07621679604916494,95.8,42.0,40.800000000000004,0.0,15.0,20.0,119.2,2.0128767000000005,15,0,0,0,0,1,15,1,4.280652266400361,
narrow_corridors,10,3,mapf,4.427613258361816,1.0,1.0,0.0,5.0,88.4,383.20000000000005,1.1626736429454312,0.021095023109729095,72.39999999999995,41.0,27.39999999999999,0.0,162.0,163.0,89.6,0.028088000000000016,,,,,,,,,,0
narrow_corridors,10,4,ha_cbs_l0,1.6479227542877197,1.0,1.0,0.0,5.0,127.4,409.19999999999993,1.165312833534412,0.03220248437620957,94.4,53.0,39.400000000000006,0.0,13.0,14.0,128.6,0.0010613,13,0,0,0,0,0,13,0,3.4393713499273946,
narrow_corridors,10,4,ha_cbs_l1,2.2001352310180664,1.0,1.0,0.0,5.0,116.4,434.80000000000007,1.161349645886199,0.026832815729997697,96.39999999999999,68.0,50.4,0.0,11.0,25.0,117.6,0.005218299999999999,11,0,0,0,0,5,11,5,3.3286372067683008,
narrow_corridors,10,4,ha_cbs_l16,4.912006139755249,1.0,1.0,0.0,5.0,109.6,418.6,1.3298650307456015,0.025317977802344526,87.2,63.0,41.00000000000002,0.0,13.0,34.0,110.8,3.143716399999998,11,1,1,0,0,6,11,8,3.615643985225286,
narrow_corridors,10,4,ha_cbs_l2,2.311215877532959,1.0,1.0,0.0,5.0,116.8,435.6,1.1475966190260407,0.026832815729997697,95.39999999999999,68.0,47.400000000000006,0.0,12.0,26.0,118.0,0.0140211,12,0,0,0,0,5,12,5,3.394009583999377,
narrow_corridors,10,4,ha_cbs_l4,1.6668171882629395,1.0,1.0,0.0,5.0,84.6,381.40000000000003,1.295003088799405,0.0333016516106936,66.60000000000001,38.0,26.400000000000006,0.0,13.0,16.0,85.8,0.015683900000000004,13,0,0,0,0,1,13,1,3.072993297753095,
narrow_corridors,10,4,ha_cbs_l8,3.053724765777588,1.0,1.0,0.0,5.0,84.6,381.40000000000003,1.295003088799405,0.0333016516106936,66.60000000000001,38.0,26.400000000000006,0.0,13.0,16.0,85.8,1.5008253000000003,13,0,0,0,0,1,13,1,3.072993297753095,
narrow_corridors,10,4,mapf,5.794020891189575,1.0,1.0,0.0,5.0,113.2,438.59999999999997,1.0468013183025702,0.010816653826392379,94.2,87.0,27.799999999999997,0.0,208.0,209.0,114.4,0.03007139999999999,,,,,,,,,,0
narrow_corridors,20,0,ha_cbs_l0,2.522031307220459,1.0,1.0,0.0,5.0,103.0,482.0,1.2274123186606856,0.01581138830084219,95.6,114.0,57.6,0.0,18.0,19.0,104.2,0.0011480999999999998,18,0,0,0,0,0,18,0,3.8729307094165097,
narrow_corridors,20,0,ha_cbs_l1,5.272989511489868,1.0,1.0,0.0,5.0,101.8,453.6,1.3036448902979676,0.04491102314577126,95.4,97.0,49.19999999999999,0.0,9.0,87.0,104.4,0.08471209999999996,9,0,0,0,0,27,9,27,4.1952931335592645,
narrow_corridors,20,0,ha_cbs_l16,11.660110473632812,0.0,0.0,0.0,3.0,nan,nan,1.176602311743437,0.008544003745317538,345.59999999999997,261.0,129.59999999999988,0.0,61.0,123.0,400.0,6.1940481,40,21,0,0,3,17,28,50,4.807755223829867,
narrow_corridors,20,0,ha_cbs_l2,5.444812774658203,1.0,1.0,0.0,5.0,112.4,501.2,1.2699999999999996,0.002236067977499593,96.19999999999999,119.0,58.800000000000004,0.0,15.0,87.0,113.6,0.038411400000000005,15,0,0,0,0,25,15,25,3.0445255110467007,
narrow_corridors,20,0,ha_cbs_l4,5.534172058105469,1.0,1.0,0.0,5.0,112.4,501.2,1.2699999999999996,0.002236067977499593,96.19999999999999,119.0,58.800000000000004,0.0,15.0,87.0,113.6,0.09571870000000005,15,0,0,0,0,25,15,25,3.0445255110467007,
narrow_corridors,20,0,ha_cbs_l8,9.786379337310791,1.0,1.0,0.0,5.0,311.8,916.5999999999999,1.1370707981475918,0.033060550509633,254.00000000000006,203.0,132.19999999999996,0.0,48.0,117.0,313.0,1.709425699999999,29,18,1,0,1,19,25,42,3.0291691122481534,
narrow_corridors,20,0,mapf,5.400292873382568,1.0,1.0,0.0,5.0,98.6,463.99999999999994,1.19300041911141,0.028635642126552528,91.8,112.0,55.20000000000001,0.0,181.0,182.0,99.6,0.0245156,,,,,,,,,,0
narrow_corridors,20,1,ha_cbs_l0,2.8090102672576904,1.0,1.0,0.0,5.0,124.2,510.0,1.2810261511772507,0.015652475842498393,115.8,80.0,44.60000000000002,0.0,17.0,18.0,125.4,0.0011356000000000005,17,0,0,0,0,0,17,0,4.292514758521058,
narrow_corridors,20,1,ha_cbs_l1,5.381071329116821,1.0,1.0,0.0,5.0,106.8,506.59999999999997,1.404,0.0060827625302984625,99.60000000000001,79.0,36.60000000000001,0.0,9.0,92.0,108.0,0.04318660000000002,9,0,0,0,0,28,9,28,3.994194295155285,
narrow_corridors,20,1,ha_cbs_l16,5.648073434829712,1.0,1.0,0.0,5.0,108.2,485.2,1.199735387491759,0.0411096095821893,104.00000000000001,78.0,41.40000000000001,0.0,20.0,81.0,109.2,2.2440805000000017,10,7,3,0,0,16,7,29,3.5755446076482174,
narrow_corridors,20,1,ha_cbs_l2,5.3746867179870605,1.0,1.0,0.0,5.0,106.8,506.59999999999997,1.404,0.0060827625302984625,99.60000000000001,79.0,36.60000000000001,0.0,10.0,91.0,108.0,0.04760450000000001,10,0,0,0,0,27,9,28,3.994194294576323,
narrow_corridors,20,1,ha_cbs_l4,4.417598009109497,1.0,1.0,0.0,5.0,102.4,463.2,1.4526203908798745,0.05474486277268423,97.39999999999999,75.0,24.600000000000016,0.0,9.0,68.0,103.6,0.0437522,9,0,0,0,0,21,9,21,3.4019360300153623,
narrow_corridors,20,1,ha_cbs_l8,6.7877233028411865,1.0,1.0,0.0,5.0,107.8,484.4,1.19913510498192,0.0411096095821893,103.60000000000001,79.0,45.20000000000002,0.0,16.0,82.0,109.0,2.1527734,12,4,0,0,0,20,10,26,3.557043063182457,
narrow_corridors,20,1,mapf,6.061575412750244,1.0,1.0,0.0,5.0,118.2,487.4000000000001,1.0551890825818848,0.024166091947189074,113.20000000000002,87.0,35.400000000000006,0.0,217.0,218.0,119.4,0.038270800000000035,,,,,,,,,,0
narrow_corridors,20,2,ha_cbs_l0,3.2059829235076904,1.0,1.0,0.0,5.0,114.6,497.4,1.6570075437365999,0.007615773105863857,108.99999999999997,119.0,53.00000000000001,0.0,21.0,22.0,115.8,0.0013777000000000001,21,0,0,0,0,0,21,0,3.9445929956974606,
narrow_corridors,20,2,ha_cbs_l1,5.279393196105957,1.0,1.0,0.0,5.0,115.2,518.2,1.105121260314903,0.018601075237738317,108.00000000000001,117.0,71.20000000000002,0.0,13.0,90.0,116.2,0.021045300000000006,13,0,0,0,0,27,13,27,3.056571068286992,
narrow_corridors,20,2,ha_cbs_l16,10.806138277053833,0.0,0.0,0.0,3.0,nan,nan,0.9733673510037202,0.03860051813123763,362.80000000000007,253.0,161.60000000000008,0.0,40.0,99.0,400.0,6.6270523,27,9,4,3,6,13,28,28,6.106653578637333,
narrow_corridors,20,2,ha_cbs_l2,5.661755084991455,1.0,1.0,0.0,5.0,115.0,520.0,1.1138437951526237,0.01746424919657304,108.99999999999999,120.0,75.20000000000002,0.0,15.0,97.0,116.2,0.0575569,15,0,0,0,0,29,15,29,3.1581824962248173,
narrow_corridors,20,2,ha_cbs_l4,5.0676491260528564,1.0,1.0,0.0,5.0,122.0,515.6,1.4771949769749424,0.020615528128088013,113.60000000000002,115.0,58.20000000000003,0.0,18.0,70.0,123.2,0.18299620000000003,17,1,0,0,1,18,18,18,4.612988090278189,
narrow_corridors,20,2,ha_cbs_l8,12.336585760116577,1.0,1.0,0.0,5.0,303.6,849.8,0.91709214368023,0.009848857801795832,289.00000000000017,240.0,169.1999999999999,0.0,32.0,89.0,304.6,6.993993400000001,20,7,5,2,5,15,18,31,4.0731286168249845,
narrow_corridors,20,2,mapf,5.392502307891846,1.0,1.0,0.0,5.0,104.6,471.40000000000003,1.1684767862478056,0.01702938636592674,102.4,126.0,41.19999999999998,0.0,192.0,193.0,105.8,0.07139840000000001,,,,,,,,,,0
narrow_corridors,20,3,ha_cbs_l0,4.20253586769104,1.0,1.0,0.0,5.0,127.2,554.1999999999999,1.539,0.013453624047073643,123.0,163.0,74.20000000000002,0.0,31.0,32.0,128.4,0.0016832000000000004,31,0,0,0,0,0,31,0,3.470526511842893,
narrow_corridors,20,3,ha_cbs_l1,5.8268256187438965,1.0,1.0,0.0,5.0,147.8,561.0,1.4429999999999996,0.009055385138137412,131.60000000000002,171.0,80.00000000000003,0.0,25.0,94.0,148.8,0.020556300000000003,25,0,0,0,0,23,25,23,4.673232459350639,
narrow_corridors,20,3,ha_cbs_l16,6.356776714324951,1.0,1.0,0.0,5.0,151.4,579.8,1.541,0.016124515496597304,143.8,177.0,85.40000000000002,0.0,28.0,100.0,152.6,2.3551178999999993,26,1,1,0,0,23,23,28,3.758552681245347,
narrow_corridors,20,3,ha_cbs_l2,5.782876253128052,1.0,1.0,0.0,5.0,147.8,564.4,1.4429999999999996,0.009055385138137412,131.8,168.0,72.00000000000003,0.0,24.0,93.0,148.8,0.0479655,23,1,0,0,0,23,23,24,4.709730407468714,
narrow_corridors,20,3,ha_cbs_l4,6.825772762298584,1.0,1.0,0.0,5.0,159.4,591.6,1.3263909680030244,0.0030000000000000027,148.6,184.0,81.60000000000001,0.0,25.0,95.0,160.6,0.5402783999999999,25,0,0,0,0,25,25,25,4.2605910047550015,
narrow_corridors,20,3,ha_cbs_l8,7.219784259796143,1.0,1.0,0.0,5.0,151.4,580.4,1.5380000000000003,0.009055385138137315,144.6,177.0,85.00000000000003,0.0,28.0,89.0,152.6,2.0860891000000015,26,2,0,0,0,20,24,24,3.8574620394246795,
narrow_corridors,20,3,mapf,6.320544242858887,1.0,1.0,0.0,5.0,129.8,542.2,1.1986062739698975,0.00583095189484521,121.8,162.0,57.60000000000001,0.0,238.0,239.0,131.0,0.026601100000000006,,,,,,,,,,0
narrow_corridors,20,4,ha_cbs_l0,2.964498281478882,1.0,1.0,0.0,5.0,109.2,492.20000000000005,1.2801128856471993,0.029614185789921657,100.6,118.0,64.40000000000002,0.0,16.0,17.0,110.4,0.0010000999999999999,16,0,0,0,0,0,16,0,3.8530616678592513,
narrow_corridors,20,4,ha_cbs_l1,5.884143114089966,1.0,1.0,0.0,5.0,127.0,513.2,1.19913510498192,0.006708203932499424,109.99999999999999,120.0,57.20000000000001,0.0,11.0,105.0,128.2,0.02318499999999999,11,0,0,0,0,33,11,33,4.117768088230788,
narrow_corridors,20,4,ha_cbs_l16,9.153656721115112,1.0,1.0,0.0,5.0,363.8,1026.2,1.0496208839385774,0.017088007490634584,322.5999999999999,331.0,147.20000000000002,5.0,59.0,127.0,365.0,3.747475600000001,33,25,1,0,4,16,30,45,3.2380799626685928,
narrow_corridors,20,4,ha_cbs_l2,5.856714963912964,1.0,1.0,0.0,5.0,118.6,504.79999999999995,1.1994540424709905,0.006708203932499424,101.39999999999996,119.0,53.400000000000006,0.0,10.0,106.0,119.8,0.052935900000000015,10,0,0,0,0,33,10,33,3.3140674211286574,
narrow_corridors,20,4,ha_cbs_l4,6.5151002407073975,1.0,1.0,0.0,5.0,120.4,517.8000000000001,1.1990417006926826,0.010198039027185317,101.39999999999998,113.0,28.6,0.0,7.0,95.0,121.6,0.2744843000000001,7,0,0,0,1,32,6,33,3.3023351103421685,
narrow_corridors,20,4,ha_cbs_l8,10.918827533721924,1.0,1.0,0.0,5.0,273.6,906.2,1.1550017316004337,0.01341640786499865,250.20000000000005,257.0,114.00000000000006,0.0,51.0,133.0,276.6,3.247383400000001,26,21,4,1,7,18,25,45,3.6247326570449747,
narrow_corridors,20,4,mapf,5.616825580596924,1.0,1.0,0.0,5.0,113.4,501.8,1.1504477389260237,0.028635642126552296,103.6,121.0,41.0,0.0,208.0,209.0,114.6,0.02777949999999999,,,,,,,,,,0
